keyword,cluster,target_url,action,note
"xây nhà trọn gói tphcm","intent:tron-goi","/dich-vu/xay-nha-tron-goi","exists-fold","Intent trọn gói city-wide — gộp money page, không URL mới"
"xây nhà trọn gói giá rẻ tphcm","intent:gia-re","/tin-tuc/xay-nha-gia-re-tphcm","exists-fold","Intent giá rẻ city-wide — gộp money page, không URL mới"
"xây nhà trọn gói giá rẻ","intent:gia-re","/tin-tuc/xay-nha-gia-re-tphcm","exists-fold","Intent giá rẻ city-wide — gộp money page, không URL mới"
"giá xây nhà trọn gói tphcm","intent:tron-goi","/dich-vu/xay-nha-tron-goi","exists-fold","Intent trọn gói city-wide — gộp money page, không URL mới"
"báo giá xây nhà trọn gói tphcm","intent:bao-gia","/tin-tuc/bao-gia-xay-nha-tron-goi-moi-nhat-tphcm","exists-fold","Intent báo giá city-wide — gộp money page, không URL mới"
"đơn giá xây nhà trọn gói tphcm","intent:don-gia","/tin-tuc/don-gia-xay-nha-tphcm","exists-fold","Intent đơn giá city-wide — gộp money page, không URL mới"
"chi phí xây nhà trọn gói tphcm","intent:chi-phi","/tin-tuc/chi-phi-xay-nha-tphcm","exists-fold","Intent chi phí city-wide — gộp money page, không URL mới"
"bảng giá xây nhà trọn gói tphcm","intent:bao-gia","/tin-tuc/bao-gia-xay-nha-tron-goi-moi-nhat-tphcm","exists-fold","Intent báo giá city-wide — gộp money page, không URL mới"
"giá xây nhà trọn gói 2026 tphcm","intent:tron-goi","/dich-vu/xay-nha-tron-goi","exists-fold","Intent trọn gói city-wide — gộp money page, không URL mới"
"báo giá xây nhà trọn gói 2026","intent:bao-gia","/tin-tuc/bao-gia-xay-nha-tron-goi-moi-nhat-tphcm","exists-fold","Intent báo giá city-wide — gộp money page, không URL mới"
"xây nhà trọn gói bao nhiêu 1m2 tphcm","intent:don-gia","/tin-tuc/don-gia-xay-nha-tphcm","exists-fold","Intent đơn giá city-wide — gộp money page, không URL mới"
"xây nhà trọn gói bao nhiêu tiền tphcm","intent:chi-phi","/tin-tuc/chi-phi-xay-nha-tphcm","exists-fold","Intent chi phí city-wide — gộp money page, không URL mới"
"xây nhà trọn gói giá bao nhiêu tphcm","intent:chi-phi","/tin-tuc/chi-phi-xay-nha-tphcm","exists-fold","Intent chi phí city-wide — gộp money page, không URL mới"
"công ty xây nhà trọn gói uy tín tphcm","intent:cong-ty","/tin-tuc/cong-ty-xay-dung-nha-pho-uy-tin-tphcm","exists-fold","Intent công ty city-wide — gộp money page, không URL mới"
"nhà thầu xây nhà trọn gói uy tín tphcm","intent:nha-thau","/tin-tuc/nha-thau-xay-nha-tron-goi-tphcm","exists-fold","Intent nhà thầu city-wide — gộp money page, không URL mới"
"xây nhà trọn gói không phát sinh tphcm","intent:cam-ket","/dich-vu/xay-nha-tron-goi","exists-fold","Intent cam kết city-wide — gộp money page, không URL mới"
"xây nhà trọn gói bảo hành 10 năm tphcm","intent:cam-ket","/dich-vu/xay-nha-tron-goi","exists-fold","Intent cam kết city-wide — gộp money page, không URL mới"
"xây nhà chìa khóa trao tay tphcm","intent:chia-khoa","/tin-tuc/xay-nha-chia-khoa-trao-tay-tphcm","exists-fold","Intent chìa khóa trao tay city-wide — gộp money page, không URL mới"
"xây nhà chìa khóa trao tay giá rẻ tphcm","intent:gia-re","/tin-tuc/xay-nha-gia-re-tphcm","exists-fold","Intent giá rẻ city-wide — gộp money page, không URL mới"
"thi công nhà phố trọn gói tphcm","type:nha-pho","/tin-tuc/xay-nha-tphcm","exists-fold","Loại nhà nhà phố — 1 URL, KW phụ: trọn gói"
"xây nhà phố trọn gói tphcm","type:nha-pho","/tin-tuc/xay-nha-tphcm","exists-fold","Loại nhà nhà phố — 1 URL, KW phụ: trọn gói"
"xây nhà phố trọn gói giá rẻ tphcm","type:nha-pho","/tin-tuc/xay-nha-tphcm","exists-fold","Loại nhà nhà phố — 1 URL, KW phụ: giá rẻ"
"xây nhà cấp 4 trọn gói tphcm","type:nha-cap-4","/tin-tuc/xay-nha-cap-4-tron-goi-tphcm","write-handcraft","Loại nhà nhà cấp 4 — 1 URL, KW phụ: trọn gói"
"xây nhà cấp 4 trọn gói giá rẻ tphcm","type:nha-cap-4","/tin-tuc/xay-nha-cap-4-tron-goi-tphcm","write-handcraft","Loại nhà nhà cấp 4 — 1 URL, KW phụ: giá rẻ"
"xây biệt thự trọn gói tphcm","type:biet-thu","/tin-tuc/xay-biet-thu-tron-goi-tphcm","write-handcraft","Loại nhà biệt thự — 1 URL, KW phụ: trọn gói"
"xây nhà 2 tầng trọn gói tphcm","type:nha-2-tang","/tin-tuc/xay-nha-2-tang-tphcm","exists-fold","Loại nhà nhà 2 tầng — 1 URL, KW phụ: trọn gói"
"xây nhà 3 tầng trọn gói tphcm","type:nha-3-tang","/tin-tuc/xay-nha-3-tang-tphcm","exists-fold","Loại nhà nhà 3 tầng — 1 URL, KW phụ: trọn gói"
"xây nhà 4 tầng trọn gói tphcm","type:nha-4-tang","/tin-tuc/xay-nha-4-tang-tron-goi-tphcm","write-handcraft","Loại nhà nhà 4 tầng — 1 URL, KW phụ: trọn gói"
"xây nhà 1 trệt 1 lầu trọn gói tphcm","type:1-tret-1-lau","/tin-tuc/xay-1-tret-1-lau-tron-goi-tphcm","write-handcraft","Loại nhà 1 trệt 1 lầu — 1 URL, KW phụ: trọn gói"
"xây nhà 1 trệt 2 lầu trọn gói tphcm","type:1-tret-2-lau","/tin-tuc/xay-1-tret-2-lau-tron-goi-tphcm","write-handcraft","Loại nhà 1 trệt 2 lầu — 1 URL, KW phụ: trọn gói"
"xây nhà trong hẻm trọn gói tphcm","type:trong-hem","/tin-tuc/xay-nha-trong-hem-tphcm","exists-fold","Loại nhà nhà trong hẻm — 1 URL, KW phụ: trọn gói"
"xây nhà ống trọn gói tphcm","type:nha-ong","/tin-tuc/xay-nha-ong-tron-goi-tphcm","write-handcraft","Loại nhà nhà ống — 1 URL, KW phụ: trọn gói"
"đơn giá xây nhà phố trọn gói tphcm","type:nha-pho","/tin-tuc/xay-nha-tphcm","exists-fold","Loại nhà nhà phố — 1 URL, KW phụ: đơn giá"
"chi phí xây nhà phố 3 tầng tphcm","type:nha-pho","/tin-tuc/xay-nha-tphcm","exists-fold","Loại nhà nhà phố — 1 URL, KW phụ: chi phí"
"chi phí xây nhà phố 4 tầng tphcm","type:nha-pho","/tin-tuc/xay-nha-tphcm","exists-fold","Loại nhà nhà phố — 1 URL, KW phụ: chi phí"
"nhà thầu xây nhà phố tphcm","type:nha-pho","/tin-tuc/xay-nha-tphcm","exists-fold","Loại nhà nhà phố — 1 URL, KW phụ: nhà thầu"
"công ty xây dựng nhà phố tphcm","type:nha-pho","/tin-tuc/xay-nha-tphcm","exists-fold","Loại nhà nhà phố — 1 URL, KW phụ: công ty"
"dịch vụ xây nhà trọn gói hồ chí minh","intent:tron-goi","/dich-vu/xay-nha-tron-goi","exists-fold","Intent trọn gói city-wide — gộp money page, không URL mới"
"xây nhà trọn gói sài gòn giá rẻ","intent:gia-re","/tin-tuc/xay-nha-gia-re-tphcm","exists-fold","Intent giá rẻ city-wide — gộp money page, không URL mới"
"xây nhà mới trọn gói tphcm","intent:tron-goi","/dich-vu/xay-nha-tron-goi","exists-fold","Intent trọn gói city-wide — gộp money page, không URL mới"
"xây nhà mới giá rẻ tphcm","intent:gia-re","/tin-tuc/xay-nha-gia-re-tphcm","exists-fold","Intent giá rẻ city-wide — gộp money page, không URL mới"
"thi công xây nhà phố tphcm","type:nha-pho","/tin-tuc/xay-nha-tphcm","exists-fold","Loại nhà nhà phố — 1 URL, KW phụ: trọn gói"
"xây nhà phần thô và hoàn thiện tphcm","intent:phan-tho","/dich-vu/xay-dung-phan-tho","exists-fold","Intent phần thô city-wide — gộp money page, không URL mới"
"xây nhà trọn gói vật tư tphcm","intent:tron-goi","/dich-vu/xay-nha-tron-goi","exists-fold","Intent trọn gói city-wide — gộp money page, không URL mới"
"gói xây nhà trọn gói tiêu chuẩn tphcm","intent:goi","/dich-vu/xay-nha-tron-goi","exists-fold","Intent gói dịch vụ city-wide — gộp money page, không URL mới"
"gói xây nhà trọn gói khá tphcm","intent:goi","/dich-vu/xay-nha-tron-goi","exists-fold","Intent gói dịch vụ city-wide — gộp money page, không URL mới"
"gói xây nhà trọn gói cao cấp tphcm","intent:goi","/dich-vu/xay-nha-tron-goi","exists-fold","Intent gói dịch vụ city-wide — gộp money page, không URL mới"
"xây nhà trọn gói 4 triệu m2 tphcm","intent:gia-re","/tin-tuc/xay-nha-gia-re-tphcm","exists-fold","Intent giá rẻ city-wide — gộp money page, không URL mới"
"xây nhà trọn gói 5 triệu m2 tphcm","intent:gia-re","/tin-tuc/xay-nha-gia-re-tphcm","exists-fold","Intent giá rẻ city-wide — gộp money page, không URL mới"
"dự toán xây nhà trọn gói tphcm","intent:du-toan","/tin-tuc/du-toan-chi-phi-xay-nha","exists-fold","Intent dự toán city-wide — gộp money page, không URL mới"
"bảng dự toán xây nhà tphcm","intent:du-toan","/tin-tuc/du-toan-chi-phi-xay-nha","exists-fold","Intent dự toán city-wide — gộp money page, không URL mới"
"cách tính giá xây nhà trọn gói tphcm","intent:du-toan","/tin-tuc/du-toan-chi-phi-xay-nha","exists-fold","Intent dự toán city-wide — gộp money page, không URL mới"
"xây nhà trọn gói có thiết kế không","intent:pham-vi","/dich-vu/xay-nha-tron-goi","exists-fold","Intent phạm vi gói city-wide — gộp money page, không URL mới"
"xây nhà trọn gói gồm những gì tphcm","intent:pham-vi","/dich-vu/xay-nha-tron-goi","exists-fold","Intent phạm vi gói city-wide — gộp money page, không URL mới"
"xây nhà trọn gói thời gian bao lâu tphcm","intent:thoi-gian","/dich-vu/xay-nha-tron-goi","exists-fold","Intent thời gian city-wide — gộp money page, không URL mới"
"nhà thầu xây nhà bình thạnh","geo:binh-thanh","/tin-tuc/xay-nha-tron-goi-binh-thanh","write-handcraft","Geo Bình Thạnh — 1 URL; nhà thầu = H2/FAQ"
"nhà thầu xây nhà thủ đức","geo:thu-duc","/tin-tuc/xay-nha-tron-goi-thu-duc","write-handcraft","Geo Thủ Đức — 1 URL; nhà thầu = H2/FAQ"
"công ty xây nhà gò vấp","geo:go-vap","/tin-tuc/xay-nha-tron-goi-go-vap","write-handcraft","Geo Gò Vấp — 1 URL; công ty = H2/FAQ"
"xây nhà trọn gói quận 7 giá rẻ","geo:quan-7","/tin-tuc/xay-nha-tron-goi-quan-7","write-handcraft","Geo Quận 7 — 1 URL; giá rẻ = H2/FAQ"
"xây nhà trọn gói thủ đức giá rẻ","geo:thu-duc","/tin-tuc/xay-nha-tron-goi-thu-duc","write-handcraft","Geo Thủ Đức — 1 URL; giá rẻ = H2/FAQ"
"xây nhà trọn gói bình thạnh giá rẻ","geo:binh-thanh","/tin-tuc/xay-nha-tron-goi-binh-thanh","write-handcraft","Geo Bình Thạnh — 1 URL; giá rẻ = H2/FAQ"
"xây nhà trọn gói tân phú giá rẻ","geo:tan-phu","/tin-tuc/xay-nha-tron-goi-tan-phu","write-handcraft","Geo Tân Phú — 1 URL; giá rẻ = H2/FAQ"
"xây nhà trọn gói tân bình giá rẻ","geo:tan-binh","/tin-tuc/xay-nha-tron-goi-tan-binh","write-handcraft","Geo Tân Bình — 1 URL; giá rẻ = H2/FAQ"
"xây nhà trọn gói nhà bè giá rẻ","geo:nha-be","/tin-tuc/xay-nha-tron-goi-nha-be","write-handcraft","Geo Nhà Bè — 1 URL; giá rẻ = H2/FAQ"
"xây nhà trọn gói hóc môn giá rẻ","geo:hoc-mon","/tin-tuc/xay-nha-tron-goi-hoc-mon","write-handcraft","Geo Hóc Môn — 1 URL; giá rẻ = H2/FAQ"
"xây nhà trọn gói củ chi giá rẻ","geo:cu-chi","/tin-tuc/xay-nha-tron-goi-cu-chi","write-handcraft","Geo Củ Chi — 1 URL; giá rẻ = H2/FAQ"
"xây nhà trọn gói bình chánh giá rẻ","geo:binh-chanh","/tin-tuc/xay-nha-tron-goi-binh-chanh","write-handcraft","Geo Bình Chánh — 1 URL; giá rẻ = H2/FAQ"
"xây nhà trọn gói thuận an giá rẻ","geo:thuan-an","/tin-tuc/xay-nha-tron-goi-thuan-an","write-handcraft","Huyện/thành Thuận An — 1 bài nếu có công trình; không thì fold tỉnh"
"xây nhà trọn gói dĩ an giá rẻ","geo:di-an","/tin-tuc/xay-nha-tron-goi-di-an","write-handcraft","Huyện/thành Dĩ An — 1 bài nếu có công trình; không thì fold tỉnh"
"xây nhà trọn gói biên hòa giá rẻ","geo:bien-hoa","/tin-tuc/xay-nha-tron-goi-bien-hoa","write-handcraft","Huyện/thành Biên Hòa — 1 bài nếu có công trình; không thì fold tỉnh"
"xây nhà trọn gói long an giá rẻ","geo:long-an","/dich-vu/xay-dung-nha-long-an","exists-fold","Geo Long An — 1 URL; giá rẻ = H2/FAQ"
"đơn giá xây nhà m2 tphcm 2026","intent:don-gia","/tin-tuc/don-gia-xay-nha-tphcm","exists-fold","Intent đơn giá city-wide — gộp money page, không URL mới"
"giá xây nhà phần thô tphcm","intent:phan-tho","/dich-vu/xay-dung-phan-tho","exists-fold","Intent phần thô city-wide — gộp money page, không URL mới"
"giá xây nhà hoàn thiện tphcm","intent:tron-goi","/dich-vu/xay-nha-tron-goi","exists-fold","Intent trọn gói city-wide — gộp money page, không URL mới"
"xây nhà trọn gói hẻm xe máy tphcm","intent:tron-goi","/dich-vu/xay-nha-tron-goi","exists-fold","Intent trọn gói city-wide — gộp money page, không URL mới"
"xây nhà trọn gói hẻm xe hơi tphcm","intent:tron-goi","/dich-vu/xay-nha-tron-goi","exists-fold","Intent trọn gói city-wide — gộp money page, không URL mới"
"xây nhà trên đất trống tphcm","intent:tron-goi","/dich-vu/xay-nha-tron-goi","exists-fold","Intent trọn gói city-wide — gộp money page, không URL mới"
"xây nhà mới trên đất sẵn tphcm","intent:tron-goi","/dich-vu/xay-nha-tron-goi","exists-fold","Intent trọn gói city-wide — gộp money page, không URL mới"
"công ty xây nhà trọn gói bình dương","geo:binh-duong","/dich-vu/xay-nha-tron-goi-binh-duong","exists-fold","Geo Bình Dương — 1 URL; công ty = H2/FAQ"
"công ty xây nhà trọn gói đồng nai","geo:dong-nai","/dich-vu/xay-nha-tron-goi-dong-nai","exists-fold","Geo Đồng Nai — 1 URL; công ty = H2/FAQ"
"nhà thầu xây nhà bình dương","geo:binh-duong","/dich-vu/xay-nha-tron-goi-binh-duong","exists-fold","Geo Bình Dương — 1 URL; nhà thầu = H2/FAQ"
"nhà thầu xây nhà đồng nai","geo:dong-nai","/dich-vu/xay-nha-tron-goi-dong-nai","exists-fold","Geo Đồng Nai — 1 URL; nhà thầu = H2/FAQ"
"xây nhà trọn gói tp hcm","intent:tron-goi","/dich-vu/xay-nha-tron-goi","exists-fold","Intent trọn gói city-wide — gộp money page, không URL mới"
"xây nhà trọn gói sài gòn","intent:tron-goi","/dich-vu/xay-nha-tron-goi","exists-fold","Intent trọn gói city-wide — gộp money page, không URL mới"
"xây nhà trọn gói hồ chí minh","intent:tron-goi","/dich-vu/xay-nha-tron-goi","exists-fold","Intent trọn gói city-wide — gộp money page, không URL mới"
"xây nhà trọn gói bình thạnh","geo:binh-thanh","/tin-tuc/xay-nha-tron-goi-binh-thanh","write-handcraft","Geo Bình Thạnh — 1 URL; trọn gói = H2/FAQ"
"xây nhà trọn gói thủ đức","geo:thu-duc","/tin-tuc/xay-nha-tron-goi-thu-duc","write-handcraft","Geo Thủ Đức — 1 URL; trọn gói = H2/FAQ"
"xây nhà trọn gói gò vấp","geo:go-vap","/tin-tuc/xay-nha-tron-goi-go-vap","write-handcraft","Geo Gò Vấp — 1 URL; trọn gói = H2/FAQ"
"xây nhà trọn gói tân bình","geo:tan-binh","/tin-tuc/xay-nha-tron-goi-tan-binh","write-handcraft","Geo Tân Bình — 1 URL; trọn gói = H2/FAQ"
"xây nhà trọn gói tân phú","geo:tan-phu","/tin-tuc/xay-nha-tron-goi-tan-phu","write-handcraft","Geo Tân Phú — 1 URL; trọn gói = H2/FAQ"
"xây nhà trọn gói phú nhuận","geo:phu-nhuan","/tin-tuc/xay-nha-tron-goi-phu-nhuan","write-handcraft","Geo Phú Nhuận — 1 URL; trọn gói = H2/FAQ"
"xây nhà trọn gói bình tân","geo:binh-tan","/tin-tuc/xay-nha-tron-goi-binh-tan","write-handcraft","Geo Bình Tân — 1 URL; trọn gói = H2/FAQ"
"xây nhà trọn gói nhà bè","geo:nha-be","/tin-tuc/xay-nha-tron-goi-nha-be","write-handcraft","Geo Nhà Bè — 1 URL; trọn gói = H2/FAQ"
"xây nhà trọn gói hóc môn","geo:hoc-mon","/tin-tuc/xay-nha-tron-goi-hoc-mon","write-handcraft","Geo Hóc Môn — 1 URL; trọn gói = H2/FAQ"
"xây nhà trọn gói củ chi","geo:cu-chi","/tin-tuc/xay-nha-tron-goi-cu-chi","write-handcraft","Geo Củ Chi — 1 URL; trọn gói = H2/FAQ"
"xây nhà trọn gói bình chánh","geo:binh-chanh","/tin-tuc/xay-nha-tron-goi-binh-chanh","write-handcraft","Geo Bình Chánh — 1 URL; trọn gói = H2/FAQ"
"xây nhà trọn gói cần giờ","geo:can-gio","/tin-tuc/xay-nha-tron-goi-can-gio","write-handcraft","Geo Cần Giờ — 1 URL; trọn gói = H2/FAQ"
"xây nhà trọn gói bình dương","geo:binh-duong","/dich-vu/xay-nha-tron-goi-binh-duong","exists-fold","Geo Bình Dương — 1 URL; trọn gói = H2/FAQ"
"xây nhà trọn gói đồng nai","geo:dong-nai","/dich-vu/xay-nha-tron-goi-dong-nai","exists-fold","Geo Đồng Nai — 1 URL; trọn gói = H2/FAQ"
"xây nhà trọn gói long an","geo:long-an","/dich-vu/xay-dung-nha-long-an","exists-fold","Geo Long An — 1 URL; trọn gói = H2/FAQ"
"xây nhà trọn gói thuận an","geo:thuan-an","/tin-tuc/xay-nha-tron-goi-thuan-an","write-handcraft","Huyện/thành Thuận An — 1 bài nếu có công trình; không thì fold tỉnh"
"xây nhà trọn gói dĩ an","geo:di-an","/tin-tuc/xay-nha-tron-goi-di-an","write-handcraft","Huyện/thành Dĩ An — 1 bài nếu có công trình; không thì fold tỉnh"
"xây nhà trọn gói biên hòa","geo:bien-hoa","/tin-tuc/xay-nha-tron-goi-bien-hoa","write-handcraft","Huyện/thành Biên Hòa — 1 bài nếu có công trình; không thì fold tỉnh"
"xây nhà trọn gói thủ dầu một","geo:thu-dau-mot","/tin-tuc/xay-nha-tron-goi-thu-dau-mot","write-handcraft","Huyện/thành Thủ Dầu Một — 1 bài nếu có công trình; không thì fold tỉnh"
"xây nhà trọn gói tân uyên","geo:tan-uyen","/tin-tuc/xay-nha-tron-goi-tan-uyen","write-handcraft","Huyện/thành Tân Uyên — 1 bài nếu có công trình; không thì fold tỉnh"
"xây nhà trọn gói bến cát","geo:ben-cat","/tin-tuc/xay-nha-tron-goi-ben-cat","write-handcraft","Huyện/thành Bến Cát — 1 bài nếu có công trình; không thì fold tỉnh"
"xây nhà trọn gói nhơn trạch","geo:nhon-trach","/tin-tuc/xay-nha-tron-goi-nhon-trach","write-handcraft","Huyện/thành Nhơn Trạch — 1 bài nếu có công trình; không thì fold tỉnh"
"xây nhà trọn gói long thành","geo:long-thanh","/tin-tuc/xay-nha-tron-goi-long-thanh","write-handcraft","Huyện/thành Long Thành — 1 bài nếu có công trình; không thì fold tỉnh"
"xây nhà trọn gói trảng bom","geo:trang-bom","/tin-tuc/xay-nha-tron-goi-trang-bom","write-handcraft","Huyện/thành Trảng Bom — 1 bài nếu có công trình; không thì fold tỉnh"
"xây nhà trọn gói bến lức","geo:ben-luc","/tin-tuc/xay-nha-tron-goi-ben-luc","write-handcraft","Huyện/thành Bến Lức — 1 bài nếu có công trình; không thì fold tỉnh"
"xây nhà trọn gói cần giuộc","geo:can-giuoc","/tin-tuc/xay-nha-tron-goi-can-giuoc","write-handcraft","Huyện/thành Cần Giuộc — 1 bài nếu có công trình; không thì fold tỉnh"
"xây nhà trọn gói đức hòa","geo:duc-hoa","/tin-tuc/xay-nha-tron-goi-duc-hoa","write-handcraft","Huyện/thành Đức Hòa — 1 bài nếu có công trình; không thì fold tỉnh"
"xây nhà chìa khóa trao tay tp hcm","intent:chia-khoa","/tin-tuc/xay-nha-chia-khoa-trao-tay-tphcm","exists-fold","Intent chìa khóa trao tay city-wide — gộp money page, không URL mới"
"xây nhà chìa khóa trao tay sài gòn","intent:chia-khoa","/tin-tuc/xay-nha-chia-khoa-trao-tay-tphcm","exists-fold","Intent chìa khóa trao tay city-wide — gộp money page, không URL mới"
"xây nhà chìa khóa trao tay hồ chí minh","intent:chia-khoa","/tin-tuc/xay-nha-chia-khoa-trao-tay-tphcm","exists-fold","Intent chìa khóa trao tay city-wide — gộp money page, không URL mới"
"xây nhà chìa khóa trao tay bình thạnh","geo:binh-thanh","/tin-tuc/xay-nha-tron-goi-binh-thanh","write-handcraft","Geo Bình Thạnh — 1 URL; chìa khóa trao tay = H2/FAQ"
"xây nhà chìa khóa trao tay thủ đức","geo:thu-duc","/tin-tuc/xay-nha-tron-goi-thu-duc","write-handcraft","Geo Thủ Đức — 1 URL; chìa khóa trao tay = H2/FAQ"
"xây nhà chìa khóa trao tay gò vấp","geo:go-vap","/tin-tuc/xay-nha-tron-goi-go-vap","write-handcraft","Geo Gò Vấp — 1 URL; chìa khóa trao tay = H2/FAQ"
"xây nhà chìa khóa trao tay tân bình","geo:tan-binh","/tin-tuc/xay-nha-tron-goi-tan-binh","write-handcraft","Geo Tân Bình — 1 URL; chìa khóa trao tay = H2/FAQ"
"xây nhà chìa khóa trao tay tân phú","geo:tan-phu","/tin-tuc/xay-nha-tron-goi-tan-phu","write-handcraft","Geo Tân Phú — 1 URL; chìa khóa trao tay = H2/FAQ"
"xây nhà chìa khóa trao tay phú nhuận","geo:phu-nhuan","/tin-tuc/xay-nha-tron-goi-phu-nhuan","write-handcraft","Geo Phú Nhuận — 1 URL; chìa khóa trao tay = H2/FAQ"
"xây nhà chìa khóa trao tay bình tân","geo:binh-tan","/tin-tuc/xay-nha-tron-goi-binh-tan","write-handcraft","Geo Bình Tân — 1 URL; chìa khóa trao tay = H2/FAQ"
"xây nhà chìa khóa trao tay nhà bè","geo:nha-be","/tin-tuc/xay-nha-tron-goi-nha-be","write-handcraft","Geo Nhà Bè — 1 URL; chìa khóa trao tay = H2/FAQ"
"xây nhà chìa khóa trao tay hóc môn","geo:hoc-mon","/tin-tuc/xay-nha-tron-goi-hoc-mon","write-handcraft","Geo Hóc Môn — 1 URL; chìa khóa trao tay = H2/FAQ"
"xây nhà chìa khóa trao tay củ chi","geo:cu-chi","/tin-tuc/xay-nha-tron-goi-cu-chi","write-handcraft","Geo Củ Chi — 1 URL; chìa khóa trao tay = H2/FAQ"
"xây nhà chìa khóa trao tay bình chánh","geo:binh-chanh","/tin-tuc/xay-nha-tron-goi-binh-chanh","write-handcraft","Geo Bình Chánh — 1 URL; chìa khóa trao tay = H2/FAQ"
"xây nhà chìa khóa trao tay cần giờ","geo:can-gio","/tin-tuc/xay-nha-tron-goi-can-gio","write-handcraft","Geo Cần Giờ — 1 URL; chìa khóa trao tay = H2/FAQ"
"xây nhà chìa khóa trao tay bình dương","geo:binh-duong","/dich-vu/xay-nha-tron-goi-binh-duong","exists-fold","Geo Bình Dương — 1 URL; chìa khóa trao tay = H2/FAQ"
"xây nhà chìa khóa trao tay đồng nai","geo:dong-nai","/dich-vu/xay-nha-tron-goi-dong-nai","exists-fold","Geo Đồng Nai — 1 URL; chìa khóa trao tay = H2/FAQ"
"xây nhà chìa khóa trao tay long an","geo:long-an","/dich-vu/xay-dung-nha-long-an","exists-fold","Geo Long An — 1 URL; chìa khóa trao tay = H2/FAQ"
"xây nhà chìa khóa trao tay thuận an","geo:thuan-an","/tin-tuc/xay-nha-tron-goi-thuan-an","write-handcraft","Huyện/thành Thuận An — 1 bài nếu có công trình; không thì fold tỉnh"
"xây nhà chìa khóa trao tay dĩ an","geo:di-an","/tin-tuc/xay-nha-tron-goi-di-an","write-handcraft","Huyện/thành Dĩ An — 1 bài nếu có công trình; không thì fold tỉnh"
"xây nhà chìa khóa trao tay biên hòa","geo:bien-hoa","/tin-tuc/xay-nha-tron-goi-bien-hoa","write-handcraft","Huyện/thành Biên Hòa — 1 bài nếu có công trình; không thì fold tỉnh"
"xây nhà chìa khóa trao tay thủ dầu một","geo:thu-dau-mot","/tin-tuc/xay-nha-tron-goi-thu-dau-mot","write-handcraft","Huyện/thành Thủ Dầu Một — 1 bài nếu có công trình; không thì fold tỉnh"
"xây nhà chìa khóa trao tay tân uyên","geo:tan-uyen","/tin-tuc/xay-nha-tron-goi-tan-uyen","write-handcraft","Huyện/thành Tân Uyên — 1 bài nếu có công trình; không thì fold tỉnh"
"xây nhà chìa khóa trao tay bến cát","geo:ben-cat","/tin-tuc/xay-nha-tron-goi-ben-cat","write-handcraft","Huyện/thành Bến Cát — 1 bài nếu có công trình; không thì fold tỉnh"
"xây nhà chìa khóa trao tay nhơn trạch","geo:nhon-trach","/tin-tuc/xay-nha-tron-goi-nhon-trach","write-handcraft","Huyện/thành Nhơn Trạch — 1 bài nếu có công trình; không thì fold tỉnh"
"xây nhà chìa khóa trao tay long thành","geo:long-thanh","/tin-tuc/xay-nha-tron-goi-long-thanh","write-handcraft","Huyện/thành Long Thành — 1 bài nếu có công trình; không thì fold tỉnh"
"xây nhà chìa khóa trao tay trảng bom","geo:trang-bom","/tin-tuc/xay-nha-tron-goi-trang-bom","write-handcraft","Huyện/thành Trảng Bom — 1 bài nếu có công trình; không thì fold tỉnh"
"xây nhà chìa khóa trao tay bến lức","geo:ben-luc","/tin-tuc/xay-nha-tron-goi-ben-luc","write-handcraft","Huyện/thành Bến Lức — 1 bài nếu có công trình; không thì fold tỉnh"
"xây nhà chìa khóa trao tay cần giuộc","geo:can-giuoc","/tin-tuc/xay-nha-tron-goi-can-giuoc","write-handcraft","Huyện/thành Cần Giuộc — 1 bài nếu có công trình; không thì fold tỉnh"
"xây nhà chìa khóa trao tay đức hòa","geo:duc-hoa","/tin-tuc/xay-nha-tron-goi-duc-hoa","write-handcraft","Huyện/thành Đức Hòa — 1 bài nếu có công trình; không thì fold tỉnh"
"thi công nhà trọn gói tphcm","intent:tron-goi","/dich-vu/xay-nha-tron-goi","exists-fold","Intent trọn gói city-wide — gộp money page, không URL mới"
"thi công nhà trọn gói tp hcm","intent:tron-goi","/dich-vu/xay-nha-tron-goi","exists-fold","Intent trọn gói city-wide — gộp money page, không URL mới"
"thi công nhà trọn gói sài gòn","intent:tron-goi","/dich-vu/xay-nha-tron-goi","exists-fold","Intent trọn gói city-wide — gộp money page, không URL mới"
"thi công nhà trọn gói hồ chí minh","intent:tron-goi","/dich-vu/xay-nha-tron-goi","exists-fold","Intent trọn gói city-wide — gộp money page, không URL mới"
"thi công nhà trọn gói bình thạnh","geo:binh-thanh","/tin-tuc/xay-nha-tron-goi-binh-thanh","write-handcraft","Geo Bình Thạnh — 1 URL; trọn gói = H2/FAQ"
"thi công nhà trọn gói thủ đức","geo:thu-duc","/tin-tuc/xay-nha-tron-goi-thu-duc","write-handcraft","Geo Thủ Đức — 1 URL; trọn gói = H2/FAQ"
"thi công nhà trọn gói gò vấp","geo:go-vap","/tin-tuc/xay-nha-tron-goi-go-vap","write-handcraft","Geo Gò Vấp — 1 URL; trọn gói = H2/FAQ"
"thi công nhà trọn gói tân bình","geo:tan-binh","/tin-tuc/xay-nha-tron-goi-tan-binh","write-handcraft","Geo Tân Bình — 1 URL; trọn gói = H2/FAQ"
"thi công nhà trọn gói tân phú","geo:tan-phu","/tin-tuc/xay-nha-tron-goi-tan-phu","write-handcraft","Geo Tân Phú — 1 URL; trọn gói = H2/FAQ"
"thi công nhà trọn gói phú nhuận","geo:phu-nhuan","/tin-tuc/xay-nha-tron-goi-phu-nhuan","write-handcraft","Geo Phú Nhuận — 1 URL; trọn gói = H2/FAQ"
"thi công nhà trọn gói bình tân","geo:binh-tan","/tin-tuc/xay-nha-tron-goi-binh-tan","write-handcraft","Geo Bình Tân — 1 URL; trọn gói = H2/FAQ"
"thi công nhà trọn gói nhà bè","geo:nha-be","/tin-tuc/xay-nha-tron-goi-nha-be","write-handcraft","Geo Nhà Bè — 1 URL; trọn gói = H2/FAQ"
"thi công nhà trọn gói hóc môn","geo:hoc-mon","/tin-tuc/xay-nha-tron-goi-hoc-mon","write-handcraft","Geo Hóc Môn — 1 URL; trọn gói = H2/FAQ"
"thi công nhà trọn gói củ chi","geo:cu-chi","/tin-tuc/xay-nha-tron-goi-cu-chi","write-handcraft","Geo Củ Chi — 1 URL; trọn gói = H2/FAQ"
"thi công nhà trọn gói bình chánh","geo:binh-chanh","/tin-tuc/xay-nha-tron-goi-binh-chanh","write-handcraft","Geo Bình Chánh — 1 URL; trọn gói = H2/FAQ"
"thi công nhà trọn gói cần giờ","geo:can-gio","/tin-tuc/xay-nha-tron-goi-can-gio","write-handcraft","Geo Cần Giờ — 1 URL; trọn gói = H2/FAQ"
"thi công nhà trọn gói bình dương","geo:binh-duong","/dich-vu/xay-nha-tron-goi-binh-duong","exists-fold","Geo Bình Dương — 1 URL; trọn gói = H2/FAQ"
"thi công nhà trọn gói đồng nai","geo:dong-nai","/dich-vu/xay-nha-tron-goi-dong-nai","exists-fold","Geo Đồng Nai — 1 URL; trọn gói = H2/FAQ"
"thi công nhà trọn gói long an","geo:long-an","/dich-vu/xay-dung-nha-long-an","exists-fold","Geo Long An — 1 URL; trọn gói = H2/FAQ"
"thi công nhà trọn gói thuận an","geo:thuan-an","/tin-tuc/xay-nha-tron-goi-thuan-an","write-handcraft","Huyện/thành Thuận An — 1 bài nếu có công trình; không thì fold tỉnh"
"thi công nhà trọn gói dĩ an","geo:di-an","/tin-tuc/xay-nha-tron-goi-di-an","write-handcraft","Huyện/thành Dĩ An — 1 bài nếu có công trình; không thì fold tỉnh"
"thi công nhà trọn gói biên hòa","geo:bien-hoa","/tin-tuc/xay-nha-tron-goi-bien-hoa","write-handcraft","Huyện/thành Biên Hòa — 1 bài nếu có công trình; không thì fold tỉnh"
"thi công nhà trọn gói thủ dầu một","geo:thu-dau-mot","/tin-tuc/xay-nha-tron-goi-thu-dau-mot","write-handcraft","Huyện/thành Thủ Dầu Một — 1 bài nếu có công trình; không thì fold tỉnh"
"thi công nhà trọn gói tân uyên","geo:tan-uyen","/tin-tuc/xay-nha-tron-goi-tan-uyen","write-handcraft","Huyện/thành Tân Uyên — 1 bài nếu có công trình; không thì fold tỉnh"
"thi công nhà trọn gói bến cát","geo:ben-cat","/tin-tuc/xay-nha-tron-goi-ben-cat","write-handcraft","Huyện/thành Bến Cát — 1 bài nếu có công trình; không thì fold tỉnh"
"thi công nhà trọn gói nhơn trạch","geo:nhon-trach","/tin-tuc/xay-nha-tron-goi-nhon-trach","write-handcraft","Huyện/thành Nhơn Trạch — 1 bài nếu có công trình; không thì fold tỉnh"
"thi công nhà trọn gói long thành","geo:long-thanh","/tin-tuc/xay-nha-tron-goi-long-thanh","write-handcraft","Huyện/thành Long Thành — 1 bài nếu có công trình; không thì fold tỉnh"
"thi công nhà trọn gói trảng bom","geo:trang-bom","/tin-tuc/xay-nha-tron-goi-trang-bom","write-handcraft","Huyện/thành Trảng Bom — 1 bài nếu có công trình; không thì fold tỉnh"
"thi công nhà trọn gói bến lức","geo:ben-luc","/tin-tuc/xay-nha-tron-goi-ben-luc","write-handcraft","Huyện/thành Bến Lức — 1 bài nếu có công trình; không thì fold tỉnh"
"thi công nhà trọn gói cần giuộc","geo:can-giuoc","/tin-tuc/xay-nha-tron-goi-can-giuoc","write-handcraft","Huyện/thành Cần Giuộc — 1 bài nếu có công trình; không thì fold tỉnh"
"thi công nhà trọn gói đức hòa","geo:duc-hoa","/tin-tuc/xay-nha-tron-goi-duc-hoa","write-handcraft","Huyện/thành Đức Hòa — 1 bài nếu có công trình; không thì fold tỉnh"
"nhà thầu xây nhà trọn gói tphcm","intent:nha-thau","/tin-tuc/nha-thau-xay-nha-tron-goi-tphcm","exists-fold","Intent nhà thầu city-wide — gộp money page, không URL mới"
"nhà thầu xây nhà trọn gói tp hcm","intent:nha-thau","/tin-tuc/nha-thau-xay-nha-tron-goi-tphcm","exists-fold","Intent nhà thầu city-wide — gộp money page, không URL mới"
"nhà thầu xây nhà trọn gói sài gòn","intent:nha-thau","/tin-tuc/nha-thau-xay-nha-tron-goi-tphcm","exists-fold","Intent nhà thầu city-wide — gộp money page, không URL mới"
"nhà thầu xây nhà trọn gói hồ chí minh","intent:nha-thau","/tin-tuc/nha-thau-xay-nha-tron-goi-tphcm","exists-fold","Intent nhà thầu city-wide — gộp money page, không URL mới"
"nhà thầu xây nhà trọn gói bình thạnh","geo:binh-thanh","/tin-tuc/xay-nha-tron-goi-binh-thanh","write-handcraft","Geo Bình Thạnh — 1 URL; nhà thầu = H2/FAQ"
"nhà thầu xây nhà trọn gói thủ đức","geo:thu-duc","/tin-tuc/xay-nha-tron-goi-thu-duc","write-handcraft","Geo Thủ Đức — 1 URL; nhà thầu = H2/FAQ"
"nhà thầu xây nhà trọn gói gò vấp","geo:go-vap","/tin-tuc/xay-nha-tron-goi-go-vap","write-handcraft","Geo Gò Vấp — 1 URL; nhà thầu = H2/FAQ"
"nhà thầu xây nhà trọn gói tân bình","geo:tan-binh","/tin-tuc/xay-nha-tron-goi-tan-binh","write-handcraft","Geo Tân Bình — 1 URL; nhà thầu = H2/FAQ"
"nhà thầu xây nhà trọn gói tân phú","geo:tan-phu","/tin-tuc/xay-nha-tron-goi-tan-phu","write-handcraft","Geo Tân Phú — 1 URL; nhà thầu = H2/FAQ"
"nhà thầu xây nhà trọn gói phú nhuận","geo:phu-nhuan","/tin-tuc/xay-nha-tron-goi-phu-nhuan","write-handcraft","Geo Phú Nhuận — 1 URL; nhà thầu = H2/FAQ"
"nhà thầu xây nhà trọn gói bình tân","geo:binh-tan","/tin-tuc/xay-nha-tron-goi-binh-tan","write-handcraft","Geo Bình Tân — 1 URL; nhà thầu = H2/FAQ"
"nhà thầu xây nhà trọn gói nhà bè","geo:nha-be","/tin-tuc/xay-nha-tron-goi-nha-be","write-handcraft","Geo Nhà Bè — 1 URL; nhà thầu = H2/FAQ"
"nhà thầu xây nhà trọn gói hóc môn","geo:hoc-mon","/tin-tuc/xay-nha-tron-goi-hoc-mon","write-handcraft","Geo Hóc Môn — 1 URL; nhà thầu = H2/FAQ"
"nhà thầu xây nhà trọn gói củ chi","geo:cu-chi","/tin-tuc/xay-nha-tron-goi-cu-chi","write-handcraft","Geo Củ Chi — 1 URL; nhà thầu = H2/FAQ"
"nhà thầu xây nhà trọn gói bình chánh","geo:binh-chanh","/tin-tuc/xay-nha-tron-goi-binh-chanh","write-handcraft","Geo Bình Chánh — 1 URL; nhà thầu = H2/FAQ"
"nhà thầu xây nhà trọn gói cần giờ","geo:can-gio","/tin-tuc/xay-nha-tron-goi-can-gio","write-handcraft","Geo Cần Giờ — 1 URL; nhà thầu = H2/FAQ"
"nhà thầu xây nhà trọn gói bình dương","geo:binh-duong","/dich-vu/xay-nha-tron-goi-binh-duong","exists-fold","Geo Bình Dương — 1 URL; nhà thầu = H2/FAQ"
"nhà thầu xây nhà trọn gói đồng nai","geo:dong-nai","/dich-vu/xay-nha-tron-goi-dong-nai","exists-fold","Geo Đồng Nai — 1 URL; nhà thầu = H2/FAQ"
"nhà thầu xây nhà trọn gói long an","geo:long-an","/dich-vu/xay-dung-nha-long-an","exists-fold","Geo Long An — 1 URL; nhà thầu = H2/FAQ"
"nhà thầu xây nhà trọn gói thuận an","geo:thuan-an","/tin-tuc/xay-nha-tron-goi-thuan-an","write-handcraft","Huyện/thành Thuận An — 1 bài nếu có công trình; không thì fold tỉnh"
"nhà thầu xây nhà trọn gói dĩ an","geo:di-an","/tin-tuc/xay-nha-tron-goi-di-an","write-handcraft","Huyện/thành Dĩ An — 1 bài nếu có công trình; không thì fold tỉnh"
"nhà thầu xây nhà trọn gói biên hòa","geo:bien-hoa","/tin-tuc/xay-nha-tron-goi-bien-hoa","write-handcraft","Huyện/thành Biên Hòa — 1 bài nếu có công trình; không thì fold tỉnh"
"nhà thầu xây nhà trọn gói thủ dầu một","geo:thu-dau-mot","/tin-tuc/xay-nha-tron-goi-thu-dau-mot","write-handcraft","Huyện/thành Thủ Dầu Một — 1 bài nếu có công trình; không thì fold tỉnh"
"nhà thầu xây nhà trọn gói tân uyên","geo:tan-uyen","/tin-tuc/xay-nha-tron-goi-tan-uyen","write-handcraft","Huyện/thành Tân Uyên — 1 bài nếu có công trình; không thì fold tỉnh"
"nhà thầu xây nhà trọn gói bến cát","geo:ben-cat","/tin-tuc/xay-nha-tron-goi-ben-cat","write-handcraft","Huyện/thành Bến Cát — 1 bài nếu có công trình; không thì fold tỉnh"
"nhà thầu xây nhà trọn gói nhơn trạch","geo:nhon-trach","/tin-tuc/xay-nha-tron-goi-nhon-trach","write-handcraft","Huyện/thành Nhơn Trạch — 1 bài nếu có công trình; không thì fold tỉnh"
"nhà thầu xây nhà trọn gói long thành","geo:long-thanh","/tin-tuc/xay-nha-tron-goi-long-thanh","write-handcraft","Huyện/thành Long Thành — 1 bài nếu có công trình; không thì fold tỉnh"
"nhà thầu xây nhà trọn gói trảng bom","geo:trang-bom","/tin-tuc/xay-nha-tron-goi-trang-bom","write-handcraft","Huyện/thành Trảng Bom — 1 bài nếu có công trình; không thì fold tỉnh"
"nhà thầu xây nhà trọn gói bến lức","geo:ben-luc","/tin-tuc/xay-nha-tron-goi-ben-luc","write-handcraft","Huyện/thành Bến Lức — 1 bài nếu có công trình; không thì fold tỉnh"
"nhà thầu xây nhà trọn gói cần giuộc","geo:can-giuoc","/tin-tuc/xay-nha-tron-goi-can-giuoc","write-handcraft","Huyện/thành Cần Giuộc — 1 bài nếu có công trình; không thì fold tỉnh"
"nhà thầu xây nhà trọn gói đức hòa","geo:duc-hoa","/tin-tuc/xay-nha-tron-goi-duc-hoa","write-handcraft","Huyện/thành Đức Hòa — 1 bài nếu có công trình; không thì fold tỉnh"
"công ty xây nhà trọn gói tphcm","intent:cong-ty","/tin-tuc/cong-ty-xay-dung-nha-pho-uy-tin-tphcm","exists-fold","Intent công ty city-wide — gộp money page, không URL mới"
"công ty xây nhà trọn gói tp hcm","intent:cong-ty","/tin-tuc/cong-ty-xay-dung-nha-pho-uy-tin-tphcm","exists-fold","Intent công ty city-wide — gộp money page, không URL mới"
"công ty xây nhà trọn gói sài gòn","intent:cong-ty","/tin-tuc/cong-ty-xay-dung-nha-pho-uy-tin-tphcm","exists-fold","Intent công ty city-wide — gộp money page, không URL mới"
"công ty xây nhà trọn gói hồ chí minh","intent:cong-ty","/tin-tuc/cong-ty-xay-dung-nha-pho-uy-tin-tphcm","exists-fold","Intent công ty city-wide — gộp money page, không URL mới"
"công ty xây nhà trọn gói bình thạnh","geo:binh-thanh","/tin-tuc/xay-nha-tron-goi-binh-thanh","write-handcraft","Geo Bình Thạnh — 1 URL; công ty = H2/FAQ"
"công ty xây nhà trọn gói thủ đức","geo:thu-duc","/tin-tuc/xay-nha-tron-goi-thu-duc","write-handcraft","Geo Thủ Đức — 1 URL; công ty = H2/FAQ"
"công ty xây nhà trọn gói gò vấp","geo:go-vap","/tin-tuc/xay-nha-tron-goi-go-vap","write-handcraft","Geo Gò Vấp — 1 URL; công ty = H2/FAQ"
"công ty xây nhà trọn gói tân bình","geo:tan-binh","/tin-tuc/xay-nha-tron-goi-tan-binh","write-handcraft","Geo Tân Bình — 1 URL; công ty = H2/FAQ"
"công ty xây nhà trọn gói tân phú","geo:tan-phu","/tin-tuc/xay-nha-tron-goi-tan-phu","write-handcraft","Geo Tân Phú — 1 URL; công ty = H2/FAQ"
"công ty xây nhà trọn gói phú nhuận","geo:phu-nhuan","/tin-tuc/xay-nha-tron-goi-phu-nhuan","write-handcraft","Geo Phú Nhuận — 1 URL; công ty = H2/FAQ"
"công ty xây nhà trọn gói bình tân","geo:binh-tan","/tin-tuc/xay-nha-tron-goi-binh-tan","write-handcraft","Geo Bình Tân — 1 URL; công ty = H2/FAQ"
"công ty xây nhà trọn gói nhà bè","geo:nha-be","/tin-tuc/xay-nha-tron-goi-nha-be","write-handcraft","Geo Nhà Bè — 1 URL; công ty = H2/FAQ"
"công ty xây nhà trọn gói hóc môn","geo:hoc-mon","/tin-tuc/xay-nha-tron-goi-hoc-mon","write-handcraft","Geo Hóc Môn — 1 URL; công ty = H2/FAQ"
"công ty xây nhà trọn gói củ chi","geo:cu-chi","/tin-tuc/xay-nha-tron-goi-cu-chi","write-handcraft","Geo Củ Chi — 1 URL; công ty = H2/FAQ"
"công ty xây nhà trọn gói bình chánh","geo:binh-chanh","/tin-tuc/xay-nha-tron-goi-binh-chanh","write-handcraft","Geo Bình Chánh — 1 URL; công ty = H2/FAQ"
"công ty xây nhà trọn gói cần giờ","geo:can-gio","/tin-tuc/xay-nha-tron-goi-can-gio","write-handcraft","Geo Cần Giờ — 1 URL; công ty = H2/FAQ"
"công ty xây nhà trọn gói long an","geo:long-an","/dich-vu/xay-dung-nha-long-an","exists-fold","Geo Long An — 1 URL; công ty = H2/FAQ"
"công ty xây nhà trọn gói thuận an","geo:thuan-an","/tin-tuc/xay-nha-tron-goi-thuan-an","write-handcraft","Huyện/thành Thuận An — 1 bài nếu có công trình; không thì fold tỉnh"
"công ty xây nhà trọn gói dĩ an","geo:di-an","/tin-tuc/xay-nha-tron-goi-di-an","write-handcraft","Huyện/thành Dĩ An — 1 bài nếu có công trình; không thì fold tỉnh"
"công ty xây nhà trọn gói biên hòa","geo:bien-hoa","/tin-tuc/xay-nha-tron-goi-bien-hoa","write-handcraft","Huyện/thành Biên Hòa — 1 bài nếu có công trình; không thì fold tỉnh"
"công ty xây nhà trọn gói thủ dầu một","geo:thu-dau-mot","/tin-tuc/xay-nha-tron-goi-thu-dau-mot","write-handcraft","Huyện/thành Thủ Dầu Một — 1 bài nếu có công trình; không thì fold tỉnh"
"công ty xây nhà trọn gói tân uyên","geo:tan-uyen","/tin-tuc/xay-nha-tron-goi-tan-uyen","write-handcraft","Huyện/thành Tân Uyên — 1 bài nếu có công trình; không thì fold tỉnh"
"công ty xây nhà trọn gói bến cát","geo:ben-cat","/tin-tuc/xay-nha-tron-goi-ben-cat","write-handcraft","Huyện/thành Bến Cát — 1 bài nếu có công trình; không thì fold tỉnh"
"công ty xây nhà trọn gói nhơn trạch","geo:nhon-trach","/tin-tuc/xay-nha-tron-goi-nhon-trach","write-handcraft","Huyện/thành Nhơn Trạch — 1 bài nếu có công trình; không thì fold tỉnh"
"công ty xây nhà trọn gói long thành","geo:long-thanh","/tin-tuc/xay-nha-tron-goi-long-thanh","write-handcraft","Huyện/thành Long Thành — 1 bài nếu có công trình; không thì fold tỉnh"
"công ty xây nhà trọn gói trảng bom","geo:trang-bom","/tin-tuc/xay-nha-tron-goi-trang-bom","write-handcraft","Huyện/thành Trảng Bom — 1 bài nếu có công trình; không thì fold tỉnh"
"công ty xây nhà trọn gói bến lức","geo:ben-luc","/tin-tuc/xay-nha-tron-goi-ben-luc","write-handcraft","Huyện/thành Bến Lức — 1 bài nếu có công trình; không thì fold tỉnh"
"công ty xây nhà trọn gói cần giuộc","geo:can-giuoc","/tin-tuc/xay-nha-tron-goi-can-giuoc","write-handcraft","Huyện/thành Cần Giuộc — 1 bài nếu có công trình; không thì fold tỉnh"
"công ty xây nhà trọn gói đức hòa","geo:duc-hoa","/tin-tuc/xay-nha-tron-goi-duc-hoa","write-handcraft","Huyện/thành Đức Hòa — 1 bài nếu có công trình; không thì fold tỉnh"
"dịch vụ xây nhà trọn gói tphcm","intent:tron-goi","/dich-vu/xay-nha-tron-goi","exists-fold","Intent trọn gói city-wide — gộp money page, không URL mới"
"dịch vụ xây nhà trọn gói tp hcm","intent:tron-goi","/dich-vu/xay-nha-tron-goi","exists-fold","Intent trọn gói city-wide — gộp money page, không URL mới"
"dịch vụ xây nhà trọn gói sài gòn","intent:tron-goi","/dich-vu/xay-nha-tron-goi","exists-fold","Intent trọn gói city-wide — gộp money page, không URL mới"
"dịch vụ xây nhà trọn gói bình thạnh","geo:binh-thanh","/tin-tuc/xay-nha-tron-goi-binh-thanh","write-handcraft","Geo Bình Thạnh — 1 URL; trọn gói = H2/FAQ"
"dịch vụ xây nhà trọn gói thủ đức","geo:thu-duc","/tin-tuc/xay-nha-tron-goi-thu-duc","write-handcraft","Geo Thủ Đức — 1 URL; trọn gói = H2/FAQ"
"dịch vụ xây nhà trọn gói gò vấp","geo:go-vap","/tin-tuc/xay-nha-tron-goi-go-vap","write-handcraft","Geo Gò Vấp — 1 URL; trọn gói = H2/FAQ"
"dịch vụ xây nhà trọn gói tân bình","geo:tan-binh","/tin-tuc/xay-nha-tron-goi-tan-binh","write-handcraft","Geo Tân Bình — 1 URL; trọn gói = H2/FAQ"
"dịch vụ xây nhà trọn gói tân phú","geo:tan-phu","/tin-tuc/xay-nha-tron-goi-tan-phu","write-handcraft","Geo Tân Phú — 1 URL; trọn gói = H2/FAQ"
"dịch vụ xây nhà trọn gói phú nhuận","geo:phu-nhuan","/tin-tuc/xay-nha-tron-goi-phu-nhuan","write-handcraft","Geo Phú Nhuận — 1 URL; trọn gói = H2/FAQ"
"dịch vụ xây nhà trọn gói bình tân","geo:binh-tan","/tin-tuc/xay-nha-tron-goi-binh-tan","write-handcraft","Geo Bình Tân — 1 URL; trọn gói = H2/FAQ"
"dịch vụ xây nhà trọn gói nhà bè","geo:nha-be","/tin-tuc/xay-nha-tron-goi-nha-be","write-handcraft","Geo Nhà Bè — 1 URL; trọn gói = H2/FAQ"
"dịch vụ xây nhà trọn gói hóc môn","geo:hoc-mon","/tin-tuc/xay-nha-tron-goi-hoc-mon","write-handcraft","Geo Hóc Môn — 1 URL; trọn gói = H2/FAQ"
"dịch vụ xây nhà trọn gói củ chi","geo:cu-chi","/tin-tuc/xay-nha-tron-goi-cu-chi","write-handcraft","Geo Củ Chi — 1 URL; trọn gói = H2/FAQ"
"dịch vụ xây nhà trọn gói bình chánh","geo:binh-chanh","/tin-tuc/xay-nha-tron-goi-binh-chanh","write-handcraft","Geo Bình Chánh — 1 URL; trọn gói = H2/FAQ"
"dịch vụ xây nhà trọn gói cần giờ","geo:can-gio","/tin-tuc/xay-nha-tron-goi-can-gio","write-handcraft","Geo Cần Giờ — 1 URL; trọn gói = H2/FAQ"
"dịch vụ xây nhà trọn gói bình dương","geo:binh-duong","/dich-vu/xay-nha-tron-goi-binh-duong","exists-fold","Geo Bình Dương — 1 URL; trọn gói = H2/FAQ"
"dịch vụ xây nhà trọn gói đồng nai","geo:dong-nai","/dich-vu/xay-nha-tron-goi-dong-nai","exists-fold","Geo Đồng Nai — 1 URL; trọn gói = H2/FAQ"
"dịch vụ xây nhà trọn gói long an","geo:long-an","/dich-vu/xay-dung-nha-long-an","exists-fold","Geo Long An — 1 URL; trọn gói = H2/FAQ"
"dịch vụ xây nhà trọn gói thuận an","geo:thuan-an","/tin-tuc/xay-nha-tron-goi-thuan-an","write-handcraft","Huyện/thành Thuận An — 1 bài nếu có công trình; không thì fold tỉnh"
"dịch vụ xây nhà trọn gói dĩ an","geo:di-an","/tin-tuc/xay-nha-tron-goi-di-an","write-handcraft","Huyện/thành Dĩ An — 1 bài nếu có công trình; không thì fold tỉnh"
"dịch vụ xây nhà trọn gói biên hòa","geo:bien-hoa","/tin-tuc/xay-nha-tron-goi-bien-hoa","write-handcraft","Huyện/thành Biên Hòa — 1 bài nếu có công trình; không thì fold tỉnh"
"dịch vụ xây nhà trọn gói thủ dầu một","geo:thu-dau-mot","/tin-tuc/xay-nha-tron-goi-thu-dau-mot","write-handcraft","Huyện/thành Thủ Dầu Một — 1 bài nếu có công trình; không thì fold tỉnh"
"dịch vụ xây nhà trọn gói tân uyên","geo:tan-uyen","/tin-tuc/xay-nha-tron-goi-tan-uyen","write-handcraft","Huyện/thành Tân Uyên — 1 bài nếu có công trình; không thì fold tỉnh"
"dịch vụ xây nhà trọn gói bến cát","geo:ben-cat","/tin-tuc/xay-nha-tron-goi-ben-cat","write-handcraft","Huyện/thành Bến Cát — 1 bài nếu có công trình; không thì fold tỉnh"
"dịch vụ xây nhà trọn gói nhơn trạch","geo:nhon-trach","/tin-tuc/xay-nha-tron-goi-nhon-trach","write-handcraft","Huyện/thành Nhơn Trạch — 1 bài nếu có công trình; không thì fold tỉnh"
"dịch vụ xây nhà trọn gói long thành","geo:long-thanh","/tin-tuc/xay-nha-tron-goi-long-thanh","write-handcraft","Huyện/thành Long Thành — 1 bài nếu có công trình; không thì fold tỉnh"
"dịch vụ xây nhà trọn gói trảng bom","geo:trang-bom","/tin-tuc/xay-nha-tron-goi-trang-bom","write-handcraft","Huyện/thành Trảng Bom — 1 bài nếu có công trình; không thì fold tỉnh"
"dịch vụ xây nhà trọn gói bến lức","geo:ben-luc","/tin-tuc/xay-nha-tron-goi-ben-luc","write-handcraft","Huyện/thành Bến Lức — 1 bài nếu có công trình; không thì fold tỉnh"
"dịch vụ xây nhà trọn gói cần giuộc","geo:can-giuoc","/tin-tuc/xay-nha-tron-goi-can-giuoc","write-handcraft","Huyện/thành Cần Giuộc — 1 bài nếu có công trình; không thì fold tỉnh"
"dịch vụ xây nhà trọn gói đức hòa","geo:duc-hoa","/tin-tuc/xay-nha-tron-goi-duc-hoa","write-handcraft","Huyện/thành Đức Hòa — 1 bài nếu có công trình; không thì fold tỉnh"
"xây dựng nhà trọn gói tphcm","intent:tron-goi","/dich-vu/xay-nha-tron-goi","exists-fold","Intent trọn gói city-wide — gộp money page, không URL mới"
"xây dựng nhà trọn gói tp hcm","intent:tron-goi","/dich-vu/xay-nha-tron-goi","exists-fold","Intent trọn gói city-wide — gộp money page, không URL mới"
"xây dựng nhà trọn gói sài gòn","intent:tron-goi","/dich-vu/xay-nha-tron-goi","exists-fold","Intent trọn gói city-wide — gộp money page, không URL mới"
"xây dựng nhà trọn gói hồ chí minh","intent:tron-goi","/dich-vu/xay-nha-tron-goi","exists-fold","Intent trọn gói city-wide — gộp money page, không URL mới"
"xây dựng nhà trọn gói bình thạnh","geo:binh-thanh","/tin-tuc/xay-nha-tron-goi-binh-thanh","write-handcraft","Geo Bình Thạnh — 1 URL; trọn gói = H2/FAQ"
"xây dựng nhà trọn gói thủ đức","geo:thu-duc","/tin-tuc/xay-nha-tron-goi-thu-duc","write-handcraft","Geo Thủ Đức — 1 URL; trọn gói = H2/FAQ"
"xây dựng nhà trọn gói gò vấp","geo:go-vap","/tin-tuc/xay-nha-tron-goi-go-vap","write-handcraft","Geo Gò Vấp — 1 URL; trọn gói = H2/FAQ"
"xây dựng nhà trọn gói tân bình","geo:tan-binh","/tin-tuc/xay-nha-tron-goi-tan-binh","write-handcraft","Geo Tân Bình — 1 URL; trọn gói = H2/FAQ"
"xây dựng nhà trọn gói tân phú","geo:tan-phu","/tin-tuc/xay-nha-tron-goi-tan-phu","write-handcraft","Geo Tân Phú — 1 URL; trọn gói = H2/FAQ"
"xây dựng nhà trọn gói phú nhuận","geo:phu-nhuan","/tin-tuc/xay-nha-tron-goi-phu-nhuan","write-handcraft","Geo Phú Nhuận — 1 URL; trọn gói = H2/FAQ"
"xây dựng nhà trọn gói bình tân","geo:binh-tan","/tin-tuc/xay-nha-tron-goi-binh-tan","write-handcraft","Geo Bình Tân — 1 URL; trọn gói = H2/FAQ"
"xây dựng nhà trọn gói nhà bè","geo:nha-be","/tin-tuc/xay-nha-tron-goi-nha-be","write-handcraft","Geo Nhà Bè — 1 URL; trọn gói = H2/FAQ"
"xây dựng nhà trọn gói hóc môn","geo:hoc-mon","/tin-tuc/xay-nha-tron-goi-hoc-mon","write-handcraft","Geo Hóc Môn — 1 URL; trọn gói = H2/FAQ"
"xây dựng nhà trọn gói củ chi","geo:cu-chi","/tin-tuc/xay-nha-tron-goi-cu-chi","write-handcraft","Geo Củ Chi — 1 URL; trọn gói = H2/FAQ"
"xây dựng nhà trọn gói bình chánh","geo:binh-chanh","/tin-tuc/xay-nha-tron-goi-binh-chanh","write-handcraft","Geo Bình Chánh — 1 URL; trọn gói = H2/FAQ"
"xây dựng nhà trọn gói cần giờ","geo:can-gio","/tin-tuc/xay-nha-tron-goi-can-gio","write-handcraft","Geo Cần Giờ — 1 URL; trọn gói = H2/FAQ"
"xây dựng nhà trọn gói bình dương","geo:binh-duong","/dich-vu/xay-nha-tron-goi-binh-duong","exists-fold","Geo Bình Dương — 1 URL; trọn gói = H2/FAQ"
"xây dựng nhà trọn gói đồng nai","geo:dong-nai","/dich-vu/xay-nha-tron-goi-dong-nai","exists-fold","Geo Đồng Nai — 1 URL; trọn gói = H2/FAQ"
"xây dựng nhà trọn gói long an","geo:long-an","/dich-vu/xay-dung-nha-long-an","exists-fold","Geo Long An — 1 URL; trọn gói = H2/FAQ"
"xây dựng nhà trọn gói thuận an","geo:thuan-an","/tin-tuc/xay-nha-tron-goi-thuan-an","write-handcraft","Huyện/thành Thuận An — 1 bài nếu có công trình; không thì fold tỉnh"
"xây dựng nhà trọn gói dĩ an","geo:di-an","/tin-tuc/xay-nha-tron-goi-di-an","write-handcraft","Huyện/thành Dĩ An — 1 bài nếu có công trình; không thì fold tỉnh"
"xây dựng nhà trọn gói biên hòa","geo:bien-hoa","/tin-tuc/xay-nha-tron-goi-bien-hoa","write-handcraft","Huyện/thành Biên Hòa — 1 bài nếu có công trình; không thì fold tỉnh"
"xây dựng nhà trọn gói thủ dầu một","geo:thu-dau-mot","/tin-tuc/xay-nha-tron-goi-thu-dau-mot","write-handcraft","Huyện/thành Thủ Dầu Một — 1 bài nếu có công trình; không thì fold tỉnh"
"xây dựng nhà trọn gói tân uyên","geo:tan-uyen","/tin-tuc/xay-nha-tron-goi-tan-uyen","write-handcraft","Huyện/thành Tân Uyên — 1 bài nếu có công trình; không thì fold tỉnh"
"xây dựng nhà trọn gói bến cát","geo:ben-cat","/tin-tuc/xay-nha-tron-goi-ben-cat","write-handcraft","Huyện/thành Bến Cát — 1 bài nếu có công trình; không thì fold tỉnh"
"xây dựng nhà trọn gói nhơn trạch","geo:nhon-trach","/tin-tuc/xay-nha-tron-goi-nhon-trach","write-handcraft","Huyện/thành Nhơn Trạch — 1 bài nếu có công trình; không thì fold tỉnh"
"xây dựng nhà trọn gói long thành","geo:long-thanh","/tin-tuc/xay-nha-tron-goi-long-thanh","write-handcraft","Huyện/thành Long Thành — 1 bài nếu có công trình; không thì fold tỉnh"
"xây dựng nhà trọn gói trảng bom","geo:trang-bom","/tin-tuc/xay-nha-tron-goi-trang-bom","write-handcraft","Huyện/thành Trảng Bom — 1 bài nếu có công trình; không thì fold tỉnh"
"xây dựng nhà trọn gói bến lức","geo:ben-luc","/tin-tuc/xay-nha-tron-goi-ben-luc","write-handcraft","Huyện/thành Bến Lức — 1 bài nếu có công trình; không thì fold tỉnh"
"xây dựng nhà trọn gói cần giuộc","geo:can-giuoc","/tin-tuc/xay-nha-tron-goi-can-giuoc","write-handcraft","Huyện/thành Cần Giuộc — 1 bài nếu có công trình; không thì fold tỉnh"
"xây dựng nhà trọn gói đức hòa","geo:duc-hoa","/tin-tuc/xay-nha-tron-goi-duc-hoa","write-handcraft","Huyện/thành Đức Hòa — 1 bài nếu có công trình; không thì fold tỉnh"
"thi công xây nhà trọn gói tphcm","intent:tron-goi","/dich-vu/xay-nha-tron-goi","exists-fold","Intent trọn gói city-wide — gộp money page, không URL mới"
"thi công xây nhà trọn gói tp hcm","intent:tron-goi","/dich-vu/xay-nha-tron-goi","exists-fold","Intent trọn gói city-wide — gộp money page, không URL mới"
"thi công xây nhà trọn gói sài gòn","intent:tron-goi","/dich-vu/xay-nha-tron-goi","exists-fold","Intent trọn gói city-wide — gộp money page, không URL mới"
"thi công xây nhà trọn gói hồ chí minh","intent:tron-goi","/dich-vu/xay-nha-tron-goi","exists-fold","Intent trọn gói city-wide — gộp money page, không URL mới"
"thi công xây nhà trọn gói bình thạnh","geo:binh-thanh","/tin-tuc/xay-nha-tron-goi-binh-thanh","write-handcraft","Geo Bình Thạnh — 1 URL; trọn gói = H2/FAQ"
"thi công xây nhà trọn gói thủ đức","geo:thu-duc","/tin-tuc/xay-nha-tron-goi-thu-duc","write-handcraft","Geo Thủ Đức — 1 URL; trọn gói = H2/FAQ"
"thi công xây nhà trọn gói gò vấp","geo:go-vap","/tin-tuc/xay-nha-tron-goi-go-vap","write-handcraft","Geo Gò Vấp — 1 URL; trọn gói = H2/FAQ"
"thi công xây nhà trọn gói tân bình","geo:tan-binh","/tin-tuc/xay-nha-tron-goi-tan-binh","write-handcraft","Geo Tân Bình — 1 URL; trọn gói = H2/FAQ"
"thi công xây nhà trọn gói tân phú","geo:tan-phu","/tin-tuc/xay-nha-tron-goi-tan-phu","write-handcraft","Geo Tân Phú — 1 URL; trọn gói = H2/FAQ"
"thi công xây nhà trọn gói phú nhuận","geo:phu-nhuan","/tin-tuc/xay-nha-tron-goi-phu-nhuan","write-handcraft","Geo Phú Nhuận — 1 URL; trọn gói = H2/FAQ"
"thi công xây nhà trọn gói bình tân","geo:binh-tan","/tin-tuc/xay-nha-tron-goi-binh-tan","write-handcraft","Geo Bình Tân — 1 URL; trọn gói = H2/FAQ"
"thi công xây nhà trọn gói nhà bè","geo:nha-be","/tin-tuc/xay-nha-tron-goi-nha-be","write-handcraft","Geo Nhà Bè — 1 URL; trọn gói = H2/FAQ"
"thi công xây nhà trọn gói hóc môn","geo:hoc-mon","/tin-tuc/xay-nha-tron-goi-hoc-mon","write-handcraft","Geo Hóc Môn — 1 URL; trọn gói = H2/FAQ"
"thi công xây nhà trọn gói củ chi","geo:cu-chi","/tin-tuc/xay-nha-tron-goi-cu-chi","write-handcraft","Geo Củ Chi — 1 URL; trọn gói = H2/FAQ"
"thi công xây nhà trọn gói bình chánh","geo:binh-chanh","/tin-tuc/xay-nha-tron-goi-binh-chanh","write-handcraft","Geo Bình Chánh — 1 URL; trọn gói = H2/FAQ"
"thi công xây nhà trọn gói cần giờ","geo:can-gio","/tin-tuc/xay-nha-tron-goi-can-gio","write-handcraft","Geo Cần Giờ — 1 URL; trọn gói = H2/FAQ"
"thi công xây nhà trọn gói bình dương","geo:binh-duong","/dich-vu/xay-nha-tron-goi-binh-duong","exists-fold","Geo Bình Dương — 1 URL; trọn gói = H2/FAQ"
"thi công xây nhà trọn gói đồng nai","geo:dong-nai","/dich-vu/xay-nha-tron-goi-dong-nai","exists-fold","Geo Đồng Nai — 1 URL; trọn gói = H2/FAQ"
"thi công xây nhà trọn gói long an","geo:long-an","/dich-vu/xay-dung-nha-long-an","exists-fold","Geo Long An — 1 URL; trọn gói = H2/FAQ"
"thi công xây nhà trọn gói thuận an","geo:thuan-an","/tin-tuc/xay-nha-tron-goi-thuan-an","write-handcraft","Huyện/thành Thuận An — 1 bài nếu có công trình; không thì fold tỉnh"
"thi công xây nhà trọn gói dĩ an","geo:di-an","/tin-tuc/xay-nha-tron-goi-di-an","write-handcraft","Huyện/thành Dĩ An — 1 bài nếu có công trình; không thì fold tỉnh"
"thi công xây nhà trọn gói biên hòa","geo:bien-hoa","/tin-tuc/xay-nha-tron-goi-bien-hoa","write-handcraft","Huyện/thành Biên Hòa — 1 bài nếu có công trình; không thì fold tỉnh"
"thi công xây nhà trọn gói thủ dầu một","geo:thu-dau-mot","/tin-tuc/xay-nha-tron-goi-thu-dau-mot","write-handcraft","Huyện/thành Thủ Dầu Một — 1 bài nếu có công trình; không thì fold tỉnh"
"thi công xây nhà trọn gói tân uyên","geo:tan-uyen","/tin-tuc/xay-nha-tron-goi-tan-uyen","write-handcraft","Huyện/thành Tân Uyên — 1 bài nếu có công trình; không thì fold tỉnh"
"thi công xây nhà trọn gói bến cát","geo:ben-cat","/tin-tuc/xay-nha-tron-goi-ben-cat","write-handcraft","Huyện/thành Bến Cát — 1 bài nếu có công trình; không thì fold tỉnh"
"thi công xây nhà trọn gói nhơn trạch","geo:nhon-trach","/tin-tuc/xay-nha-tron-goi-nhon-trach","write-handcraft","Huyện/thành Nhơn Trạch — 1 bài nếu có công trình; không thì fold tỉnh"
"thi công xây nhà trọn gói long thành","geo:long-thanh","/tin-tuc/xay-nha-tron-goi-long-thanh","write-handcraft","Huyện/thành Long Thành — 1 bài nếu có công trình; không thì fold tỉnh"
"thi công xây nhà trọn gói trảng bom","geo:trang-bom","/tin-tuc/xay-nha-tron-goi-trang-bom","write-handcraft","Huyện/thành Trảng Bom — 1 bài nếu có công trình; không thì fold tỉnh"
"thi công xây nhà trọn gói bến lức","geo:ben-luc","/tin-tuc/xay-nha-tron-goi-ben-luc","write-handcraft","Huyện/thành Bến Lức — 1 bài nếu có công trình; không thì fold tỉnh"
"thi công xây nhà trọn gói cần giuộc","geo:can-giuoc","/tin-tuc/xay-nha-tron-goi-can-giuoc","write-handcraft","Huyện/thành Cần Giuộc — 1 bài nếu có công trình; không thì fold tỉnh"
"thi công xây nhà trọn gói đức hòa","geo:duc-hoa","/tin-tuc/xay-nha-tron-goi-duc-hoa","write-handcraft","Huyện/thành Đức Hòa — 1 bài nếu có công trình; không thì fold tỉnh"
"xây nhà mới trọn gói tp hcm","intent:tron-goi","/dich-vu/xay-nha-tron-goi","exists-fold","Intent trọn gói city-wide — gộp money page, không URL mới"
"xây nhà mới trọn gói sài gòn","intent:tron-goi","/dich-vu/xay-nha-tron-goi","exists-fold","Intent trọn gói city-wide — gộp money page, không URL mới"
"xây nhà mới trọn gói hồ chí minh","intent:tron-goi","/dich-vu/xay-nha-tron-goi","exists-fold","Intent trọn gói city-wide — gộp money page, không URL mới"
"xây nhà mới trọn gói bình thạnh","geo:binh-thanh","/tin-tuc/xay-nha-tron-goi-binh-thanh","write-handcraft","Geo Bình Thạnh — 1 URL; trọn gói = H2/FAQ"
"xây nhà mới trọn gói thủ đức","geo:thu-duc","/tin-tuc/xay-nha-tron-goi-thu-duc","write-handcraft","Geo Thủ Đức — 1 URL; trọn gói = H2/FAQ"
"xây nhà mới trọn gói gò vấp","geo:go-vap","/tin-tuc/xay-nha-tron-goi-go-vap","write-handcraft","Geo Gò Vấp — 1 URL; trọn gói = H2/FAQ"
"xây nhà mới trọn gói tân bình","geo:tan-binh","/tin-tuc/xay-nha-tron-goi-tan-binh","write-handcraft","Geo Tân Bình — 1 URL; trọn gói = H2/FAQ"
"xây nhà mới trọn gói tân phú","geo:tan-phu","/tin-tuc/xay-nha-tron-goi-tan-phu","write-handcraft","Geo Tân Phú — 1 URL; trọn gói = H2/FAQ"
"xây nhà mới trọn gói phú nhuận","geo:phu-nhuan","/tin-tuc/xay-nha-tron-goi-phu-nhuan","write-handcraft","Geo Phú Nhuận — 1 URL; trọn gói = H2/FAQ"
"xây nhà mới trọn gói bình tân","geo:binh-tan","/tin-tuc/xay-nha-tron-goi-binh-tan","write-handcraft","Geo Bình Tân — 1 URL; trọn gói = H2/FAQ"
"xây nhà mới trọn gói nhà bè","geo:nha-be","/tin-tuc/xay-nha-tron-goi-nha-be","write-handcraft","Geo Nhà Bè — 1 URL; trọn gói = H2/FAQ"
"xây nhà mới trọn gói hóc môn","geo:hoc-mon","/tin-tuc/xay-nha-tron-goi-hoc-mon","write-handcraft","Geo Hóc Môn — 1 URL; trọn gói = H2/FAQ"
"xây nhà mới trọn gói củ chi","geo:cu-chi","/tin-tuc/xay-nha-tron-goi-cu-chi","write-handcraft","Geo Củ Chi — 1 URL; trọn gói = H2/FAQ"
"xây nhà mới trọn gói bình chánh","geo:binh-chanh","/tin-tuc/xay-nha-tron-goi-binh-chanh","write-handcraft","Geo Bình Chánh — 1 URL; trọn gói = H2/FAQ"
"xây nhà mới trọn gói cần giờ","geo:can-gio","/tin-tuc/xay-nha-tron-goi-can-gio","write-handcraft","Geo Cần Giờ — 1 URL; trọn gói = H2/FAQ"
"xây nhà mới trọn gói bình dương","geo:binh-duong","/dich-vu/xay-nha-tron-goi-binh-duong","exists-fold","Geo Bình Dương — 1 URL; trọn gói = H2/FAQ"
"xây nhà mới trọn gói đồng nai","geo:dong-nai","/dich-vu/xay-nha-tron-goi-dong-nai","exists-fold","Geo Đồng Nai — 1 URL; trọn gói = H2/FAQ"
"xây nhà mới trọn gói long an","geo:long-an","/dich-vu/xay-dung-nha-long-an","exists-fold","Geo Long An — 1 URL; trọn gói = H2/FAQ"
"xây nhà mới trọn gói thuận an","geo:thuan-an","/tin-tuc/xay-nha-tron-goi-thuan-an","write-handcraft","Huyện/thành Thuận An — 1 bài nếu có công trình; không thì fold tỉnh"
"xây nhà mới trọn gói dĩ an","geo:di-an","/tin-tuc/xay-nha-tron-goi-di-an","write-handcraft","Huyện/thành Dĩ An — 1 bài nếu có công trình; không thì fold tỉnh"
"xây nhà mới trọn gói biên hòa","geo:bien-hoa","/tin-tuc/xay-nha-tron-goi-bien-hoa","write-handcraft","Huyện/thành Biên Hòa — 1 bài nếu có công trình; không thì fold tỉnh"
"xây nhà mới trọn gói thủ dầu một","geo:thu-dau-mot","/tin-tuc/xay-nha-tron-goi-thu-dau-mot","write-handcraft","Huyện/thành Thủ Dầu Một — 1 bài nếu có công trình; không thì fold tỉnh"
"xây nhà mới trọn gói tân uyên","geo:tan-uyen","/tin-tuc/xay-nha-tron-goi-tan-uyen","write-handcraft","Huyện/thành Tân Uyên — 1 bài nếu có công trình; không thì fold tỉnh"
"xây nhà mới trọn gói bến cát","geo:ben-cat","/tin-tuc/xay-nha-tron-goi-ben-cat","write-handcraft","Huyện/thành Bến Cát — 1 bài nếu có công trình; không thì fold tỉnh"
"xây nhà mới trọn gói nhơn trạch","geo:nhon-trach","/tin-tuc/xay-nha-tron-goi-nhon-trach","write-handcraft","Huyện/thành Nhơn Trạch — 1 bài nếu có công trình; không thì fold tỉnh"
"xây nhà mới trọn gói long thành","geo:long-thanh","/tin-tuc/xay-nha-tron-goi-long-thanh","write-handcraft","Huyện/thành Long Thành — 1 bài nếu có công trình; không thì fold tỉnh"
"xây nhà mới trọn gói trảng bom","geo:trang-bom","/tin-tuc/xay-nha-tron-goi-trang-bom","write-handcraft","Huyện/thành Trảng Bom — 1 bài nếu có công trình; không thì fold tỉnh"
"xây nhà mới trọn gói bến lức","geo:ben-luc","/tin-tuc/xay-nha-tron-goi-ben-luc","write-handcraft","Huyện/thành Bến Lức — 1 bài nếu có công trình; không thì fold tỉnh"
"xây nhà mới trọn gói cần giuộc","geo:can-giuoc","/tin-tuc/xay-nha-tron-goi-can-giuoc","write-handcraft","Huyện/thành Cần Giuộc — 1 bài nếu có công trình; không thì fold tỉnh"
"xây nhà mới trọn gói đức hòa","geo:duc-hoa","/tin-tuc/xay-nha-tron-goi-duc-hoa","write-handcraft","Huyện/thành Đức Hòa — 1 bài nếu có công trình; không thì fold tỉnh"
"nhà thầu xây dựng trọn gói tphcm","intent:nha-thau","/tin-tuc/nha-thau-xay-nha-tron-goi-tphcm","exists-fold","Intent nhà thầu city-wide — gộp money page, không URL mới"
"nhà thầu xây dựng trọn gói tp hcm","intent:nha-thau","/tin-tuc/nha-thau-xay-nha-tron-goi-tphcm","exists-fold","Intent nhà thầu city-wide — gộp money page, không URL mới"
"nhà thầu xây dựng trọn gói sài gòn","intent:nha-thau","/tin-tuc/nha-thau-xay-nha-tron-goi-tphcm","exists-fold","Intent nhà thầu city-wide — gộp money page, không URL mới"
"nhà thầu xây dựng trọn gói hồ chí minh","intent:nha-thau","/tin-tuc/nha-thau-xay-nha-tron-goi-tphcm","exists-fold","Intent nhà thầu city-wide — gộp money page, không URL mới"
"nhà thầu xây dựng trọn gói bình thạnh","geo:binh-thanh","/tin-tuc/xay-nha-tron-goi-binh-thanh","write-handcraft","Geo Bình Thạnh — 1 URL; nhà thầu = H2/FAQ"
"nhà thầu xây dựng trọn gói thủ đức","geo:thu-duc","/tin-tuc/xay-nha-tron-goi-thu-duc","write-handcraft","Geo Thủ Đức — 1 URL; nhà thầu = H2/FAQ"
"nhà thầu xây dựng trọn gói gò vấp","geo:go-vap","/tin-tuc/xay-nha-tron-goi-go-vap","write-handcraft","Geo Gò Vấp — 1 URL; nhà thầu = H2/FAQ"
"nhà thầu xây dựng trọn gói tân bình","geo:tan-binh","/tin-tuc/xay-nha-tron-goi-tan-binh","write-handcraft","Geo Tân Bình — 1 URL; nhà thầu = H2/FAQ"
"nhà thầu xây dựng trọn gói tân phú","geo:tan-phu","/tin-tuc/xay-nha-tron-goi-tan-phu","write-handcraft","Geo Tân Phú — 1 URL; nhà thầu = H2/FAQ"
"nhà thầu xây dựng trọn gói phú nhuận","geo:phu-nhuan","/tin-tuc/xay-nha-tron-goi-phu-nhuan","write-handcraft","Geo Phú Nhuận — 1 URL; nhà thầu = H2/FAQ"
"nhà thầu xây dựng trọn gói bình tân","geo:binh-tan","/tin-tuc/xay-nha-tron-goi-binh-tan","write-handcraft","Geo Bình Tân — 1 URL; nhà thầu = H2/FAQ"
"nhà thầu xây dựng trọn gói nhà bè","geo:nha-be","/tin-tuc/xay-nha-tron-goi-nha-be","write-handcraft","Geo Nhà Bè — 1 URL; nhà thầu = H2/FAQ"
"nhà thầu xây dựng trọn gói hóc môn","geo:hoc-mon","/tin-tuc/xay-nha-tron-goi-hoc-mon","write-handcraft","Geo Hóc Môn — 1 URL; nhà thầu = H2/FAQ"
"nhà thầu xây dựng trọn gói củ chi","geo:cu-chi","/tin-tuc/xay-nha-tron-goi-cu-chi","write-handcraft","Geo Củ Chi — 1 URL; nhà thầu = H2/FAQ"
"nhà thầu xây dựng trọn gói bình chánh","geo:binh-chanh","/tin-tuc/xay-nha-tron-goi-binh-chanh","write-handcraft","Geo Bình Chánh — 1 URL; nhà thầu = H2/FAQ"
"nhà thầu xây dựng trọn gói cần giờ","geo:can-gio","/tin-tuc/xay-nha-tron-goi-can-gio","write-handcraft","Geo Cần Giờ — 1 URL; nhà thầu = H2/FAQ"
"nhà thầu xây dựng trọn gói bình dương","geo:binh-duong","/dich-vu/xay-nha-tron-goi-binh-duong","exists-fold","Geo Bình Dương — 1 URL; nhà thầu = H2/FAQ"
"nhà thầu xây dựng trọn gói đồng nai","geo:dong-nai","/dich-vu/xay-nha-tron-goi-dong-nai","exists-fold","Geo Đồng Nai — 1 URL; nhà thầu = H2/FAQ"
"nhà thầu xây dựng trọn gói long an","geo:long-an","/dich-vu/xay-dung-nha-long-an","exists-fold","Geo Long An — 1 URL; nhà thầu = H2/FAQ"
"nhà thầu xây dựng trọn gói thuận an","geo:thuan-an","/tin-tuc/xay-nha-tron-goi-thuan-an","write-handcraft","Huyện/thành Thuận An — 1 bài nếu có công trình; không thì fold tỉnh"
"nhà thầu xây dựng trọn gói dĩ an","geo:di-an","/tin-tuc/xay-nha-tron-goi-di-an","write-handcraft","Huyện/thành Dĩ An — 1 bài nếu có công trình; không thì fold tỉnh"
"nhà thầu xây dựng trọn gói biên hòa","geo:bien-hoa","/tin-tuc/xay-nha-tron-goi-bien-hoa","write-handcraft","Huyện/thành Biên Hòa — 1 bài nếu có công trình; không thì fold tỉnh"
"nhà thầu xây dựng trọn gói thủ dầu một","geo:thu-dau-mot","/tin-tuc/xay-nha-tron-goi-thu-dau-mot","write-handcraft","Huyện/thành Thủ Dầu Một — 1 bài nếu có công trình; không thì fold tỉnh"
"nhà thầu xây dựng trọn gói tân uyên","geo:tan-uyen","/tin-tuc/xay-nha-tron-goi-tan-uyen","write-handcraft","Huyện/thành Tân Uyên — 1 bài nếu có công trình; không thì fold tỉnh"
"nhà thầu xây dựng trọn gói bến cát","geo:ben-cat","/tin-tuc/xay-nha-tron-goi-ben-cat","write-handcraft","Huyện/thành Bến Cát — 1 bài nếu có công trình; không thì fold tỉnh"
"nhà thầu xây dựng trọn gói nhơn trạch","geo:nhon-trach","/tin-tuc/xay-nha-tron-goi-nhon-trach","write-handcraft","Huyện/thành Nhơn Trạch — 1 bài nếu có công trình; không thì fold tỉnh"
"nhà thầu xây dựng trọn gói long thành","geo:long-thanh","/tin-tuc/xay-nha-tron-goi-long-thanh","write-handcraft","Huyện/thành Long Thành — 1 bài nếu có công trình; không thì fold tỉnh"
"nhà thầu xây dựng trọn gói trảng bom","geo:trang-bom","/tin-tuc/xay-nha-tron-goi-trang-bom","write-handcraft","Huyện/thành Trảng Bom — 1 bài nếu có công trình; không thì fold tỉnh"
"nhà thầu xây dựng trọn gói bến lức","geo:ben-luc","/tin-tuc/xay-nha-tron-goi-ben-luc","write-handcraft","Huyện/thành Bến Lức — 1 bài nếu có công trình; không thì fold tỉnh"
"nhà thầu xây dựng trọn gói cần giuộc","geo:can-giuoc","/tin-tuc/xay-nha-tron-goi-can-giuoc","write-handcraft","Huyện/thành Cần Giuộc — 1 bài nếu có công trình; không thì fold tỉnh"
"nhà thầu xây dựng trọn gói đức hòa","geo:duc-hoa","/tin-tuc/xay-nha-tron-goi-duc-hoa","write-handcraft","Huyện/thành Đức Hòa — 1 bài nếu có công trình; không thì fold tỉnh"
"báo giá xây nhà phố trọn gói tphcm","type:nha-pho","/tin-tuc/xay-nha-tphcm","exists-fold","Loại nhà nhà phố — 1 URL, KW phụ: báo giá"
"chi phí xây nhà phố tphcm","type:nha-pho","/tin-tuc/xay-nha-tphcm","exists-fold","Loại nhà nhà phố — 1 URL, KW phụ: chi phí"
"đơn giá xây nhà phố tphcm","type:nha-pho","/tin-tuc/xay-nha-tphcm","exists-fold","Loại nhà nhà phố — 1 URL, KW phụ: đơn giá"
"công ty xây nhà phố tphcm","type:nha-pho","/tin-tuc/xay-nha-tphcm","exists-fold","Loại nhà nhà phố — 1 URL, KW phụ: công ty"
"xây nhà ống trọn gói giá rẻ tphcm","type:nha-ong","/tin-tuc/xay-nha-ong-tron-goi-tphcm","write-handcraft","Loại nhà nhà ống — 1 URL, KW phụ: giá rẻ"
"báo giá xây nhà ống trọn gói tphcm","type:nha-ong","/tin-tuc/xay-nha-ong-tron-goi-tphcm","write-handcraft","Loại nhà nhà ống — 1 URL, KW phụ: báo giá"
"chi phí xây nhà ống tphcm","type:nha-ong","/tin-tuc/xay-nha-ong-tron-goi-tphcm","write-handcraft","Loại nhà nhà ống — 1 URL, KW phụ: chi phí"
"đơn giá xây nhà ống tphcm","type:nha-ong","/tin-tuc/xay-nha-ong-tron-goi-tphcm","write-handcraft","Loại nhà nhà ống — 1 URL, KW phụ: đơn giá"
"nhà thầu xây nhà ống tphcm","type:nha-ong","/tin-tuc/xay-nha-ong-tron-goi-tphcm","write-handcraft","Loại nhà nhà ống — 1 URL, KW phụ: nhà thầu"
"công ty xây nhà ống tphcm","type:nha-ong","/tin-tuc/xay-nha-ong-tron-goi-tphcm","write-handcraft","Loại nhà nhà ống — 1 URL, KW phụ: công ty"
"thi công nhà ống trọn gói tphcm","type:nha-ong","/tin-tuc/xay-nha-ong-tron-goi-tphcm","write-handcraft","Loại nhà nhà ống — 1 URL, KW phụ: trọn gói"
"báo giá xây nhà cấp 4 trọn gói tphcm","type:nha-cap-4","/tin-tuc/xay-nha-cap-4-tron-goi-tphcm","write-handcraft","Loại nhà nhà cấp 4 — 1 URL, KW phụ: báo giá"
"chi phí xây nhà cấp 4 tphcm","type:nha-cap-4","/tin-tuc/xay-nha-cap-4-tron-goi-tphcm","write-handcraft","Loại nhà nhà cấp 4 — 1 URL, KW phụ: chi phí"
"đơn giá xây nhà cấp 4 tphcm","type:nha-cap-4","/tin-tuc/xay-nha-cap-4-tron-goi-tphcm","write-handcraft","Loại nhà nhà cấp 4 — 1 URL, KW phụ: đơn giá"
"nhà thầu xây nhà cấp 4 tphcm","type:nha-cap-4","/tin-tuc/xay-nha-cap-4-tron-goi-tphcm","write-handcraft","Loại nhà nhà cấp 4 — 1 URL, KW phụ: nhà thầu"
"công ty xây nhà cấp 4 tphcm","type:nha-cap-4","/tin-tuc/xay-nha-cap-4-tron-goi-tphcm","write-handcraft","Loại nhà nhà cấp 4 — 1 URL, KW phụ: công ty"
"thi công nhà cấp 4 trọn gói tphcm","type:nha-cap-4","/tin-tuc/xay-nha-cap-4-tron-goi-tphcm","write-handcraft","Loại nhà nhà cấp 4 — 1 URL, KW phụ: trọn gói"
"xây biệt thự trọn gói giá rẻ tphcm","type:biet-thu","/tin-tuc/xay-biet-thu-tron-goi-tphcm","write-handcraft","Loại nhà biệt thự — 1 URL, KW phụ: giá rẻ"
"báo giá xây biệt thự trọn gói tphcm","type:biet-thu","/tin-tuc/xay-biet-thu-tron-goi-tphcm","write-handcraft","Loại nhà biệt thự — 1 URL, KW phụ: báo giá"
"chi phí xây biệt thự tphcm","type:biet-thu","/tin-tuc/xay-biet-thu-tron-goi-tphcm","write-handcraft","Loại nhà biệt thự — 1 URL, KW phụ: chi phí"
"đơn giá xây biệt thự tphcm","type:biet-thu","/tin-tuc/xay-biet-thu-tron-goi-tphcm","write-handcraft","Loại nhà biệt thự — 1 URL, KW phụ: đơn giá"
"nhà thầu xây biệt thự tphcm","type:biet-thu","/tin-tuc/xay-biet-thu-tron-goi-tphcm","write-handcraft","Loại nhà biệt thự — 1 URL, KW phụ: nhà thầu"
"công ty xây biệt thự tphcm","type:biet-thu","/tin-tuc/xay-biet-thu-tron-goi-tphcm","write-handcraft","Loại nhà biệt thự — 1 URL, KW phụ: công ty"
"thi công biệt thự trọn gói tphcm","type:biet-thu","/tin-tuc/xay-biet-thu-tron-goi-tphcm","write-handcraft","Loại nhà biệt thự — 1 URL, KW phụ: trọn gói"
"xây nhà 2 tầng trọn gói giá rẻ tphcm","type:nha-2-tang","/tin-tuc/xay-nha-2-tang-tphcm","exists-fold","Loại nhà nhà 2 tầng — 1 URL, KW phụ: giá rẻ"
"báo giá xây nhà 2 tầng trọn gói tphcm","type:nha-2-tang","/tin-tuc/xay-nha-2-tang-tphcm","exists-fold","Loại nhà nhà 2 tầng — 1 URL, KW phụ: báo giá"
"chi phí xây nhà 2 tầng tphcm","type:nha-2-tang","/tin-tuc/xay-nha-2-tang-tphcm","exists-fold","Loại nhà nhà 2 tầng — 1 URL, KW phụ: chi phí"
"đơn giá xây nhà 2 tầng tphcm","type:nha-2-tang","/tin-tuc/xay-nha-2-tang-tphcm","exists-fold","Loại nhà nhà 2 tầng — 1 URL, KW phụ: đơn giá"
"nhà thầu xây nhà 2 tầng tphcm","type:nha-2-tang","/tin-tuc/xay-nha-2-tang-tphcm","exists-fold","Loại nhà nhà 2 tầng — 1 URL, KW phụ: nhà thầu"
"công ty xây nhà 2 tầng tphcm","type:nha-2-tang","/tin-tuc/xay-nha-2-tang-tphcm","exists-fold","Loại nhà nhà 2 tầng — 1 URL, KW phụ: công ty"
"thi công nhà 2 tầng trọn gói tphcm","type:nha-2-tang","/tin-tuc/xay-nha-2-tang-tphcm","exists-fold","Loại nhà nhà 2 tầng — 1 URL, KW phụ: trọn gói"
"xây nhà 3 tầng trọn gói giá rẻ tphcm","type:nha-3-tang","/tin-tuc/xay-nha-3-tang-tphcm","exists-fold","Loại nhà nhà 3 tầng — 1 URL, KW phụ: giá rẻ"
"báo giá xây nhà 3 tầng trọn gói tphcm","type:nha-3-tang","/tin-tuc/xay-nha-3-tang-tphcm","exists-fold","Loại nhà nhà 3 tầng — 1 URL, KW phụ: báo giá"
"chi phí xây nhà 3 tầng tphcm","type:nha-3-tang","/tin-tuc/xay-nha-3-tang-tphcm","exists-fold","Loại nhà nhà 3 tầng — 1 URL, KW phụ: chi phí"
"đơn giá xây nhà 3 tầng tphcm","type:nha-3-tang","/tin-tuc/xay-nha-3-tang-tphcm","exists-fold","Loại nhà nhà 3 tầng — 1 URL, KW phụ: đơn giá"
"nhà thầu xây nhà 3 tầng tphcm","type:nha-3-tang","/tin-tuc/xay-nha-3-tang-tphcm","exists-fold","Loại nhà nhà 3 tầng — 1 URL, KW phụ: nhà thầu"
"công ty xây nhà 3 tầng tphcm","type:nha-3-tang","/tin-tuc/xay-nha-3-tang-tphcm","exists-fold","Loại nhà nhà 3 tầng — 1 URL, KW phụ: công ty"
"thi công nhà 3 tầng trọn gói tphcm","type:nha-3-tang","/tin-tuc/xay-nha-3-tang-tphcm","exists-fold","Loại nhà nhà 3 tầng — 1 URL, KW phụ: trọn gói"
"xây nhà 4 tầng trọn gói giá rẻ tphcm","type:nha-4-tang","/tin-tuc/xay-nha-4-tang-tron-goi-tphcm","write-handcraft","Loại nhà nhà 4 tầng — 1 URL, KW phụ: giá rẻ"
"báo giá xây nhà 4 tầng trọn gói tphcm","type:nha-4-tang","/tin-tuc/xay-nha-4-tang-tron-goi-tphcm","write-handcraft","Loại nhà nhà 4 tầng — 1 URL, KW phụ: báo giá"
"chi phí xây nhà 4 tầng tphcm","type:nha-4-tang","/tin-tuc/xay-nha-4-tang-tron-goi-tphcm","write-handcraft","Loại nhà nhà 4 tầng — 1 URL, KW phụ: chi phí"
"đơn giá xây nhà 4 tầng tphcm","type:nha-4-tang","/tin-tuc/xay-nha-4-tang-tron-goi-tphcm","write-handcraft","Loại nhà nhà 4 tầng — 1 URL, KW phụ: đơn giá"
"nhà thầu xây nhà 4 tầng tphcm","type:nha-4-tang","/tin-tuc/xay-nha-4-tang-tron-goi-tphcm","write-handcraft","Loại nhà nhà 4 tầng — 1 URL, KW phụ: nhà thầu"
"công ty xây nhà 4 tầng tphcm","type:nha-4-tang","/tin-tuc/xay-nha-4-tang-tron-goi-tphcm","write-handcraft","Loại nhà nhà 4 tầng — 1 URL, KW phụ: công ty"
"thi công nhà 4 tầng trọn gói tphcm","type:nha-4-tang","/tin-tuc/xay-nha-4-tang-tron-goi-tphcm","write-handcraft","Loại nhà nhà 4 tầng — 1 URL, KW phụ: trọn gói"
"xây nhà 5 tầng trọn gói tphcm","type:nha-5-tang","/tin-tuc/xay-nha-5-tang-tron-goi-tphcm","write-handcraft","Loại nhà nhà 5 tầng — 1 URL, KW phụ: trọn gói"
"xây nhà 5 tầng trọn gói giá rẻ tphcm","type:nha-5-tang","/tin-tuc/xay-nha-5-tang-tron-goi-tphcm","write-handcraft","Loại nhà nhà 5 tầng — 1 URL, KW phụ: giá rẻ"
"báo giá xây nhà 5 tầng trọn gói tphcm","type:nha-5-tang","/tin-tuc/xay-nha-5-tang-tron-goi-tphcm","write-handcraft","Loại nhà nhà 5 tầng — 1 URL, KW phụ: báo giá"
"chi phí xây nhà 5 tầng tphcm","type:nha-5-tang","/tin-tuc/xay-nha-5-tang-tron-goi-tphcm","write-handcraft","Loại nhà nhà 5 tầng — 1 URL, KW phụ: chi phí"
"đơn giá xây nhà 5 tầng tphcm","type:nha-5-tang","/tin-tuc/xay-nha-5-tang-tron-goi-tphcm","write-handcraft","Loại nhà nhà 5 tầng — 1 URL, KW phụ: đơn giá"
"nhà thầu xây nhà 5 tầng tphcm","type:nha-5-tang","/tin-tuc/xay-nha-5-tang-tron-goi-tphcm","write-handcraft","Loại nhà nhà 5 tầng — 1 URL, KW phụ: nhà thầu"
"công ty xây nhà 5 tầng tphcm","type:nha-5-tang","/tin-tuc/xay-nha-5-tang-tron-goi-tphcm","write-handcraft","Loại nhà nhà 5 tầng — 1 URL, KW phụ: công ty"
"thi công nhà 5 tầng trọn gói tphcm","type:nha-5-tang","/tin-tuc/xay-nha-5-tang-tron-goi-tphcm","write-handcraft","Loại nhà nhà 5 tầng — 1 URL, KW phụ: trọn gói"
"xây 1 trệt 1 lầu trọn gói tphcm","type:1-tret-1-lau","/tin-tuc/xay-1-tret-1-lau-tron-goi-tphcm","write-handcraft","Loại nhà 1 trệt 1 lầu — 1 URL, KW phụ: trọn gói"
"xây 1 trệt 1 lầu trọn gói giá rẻ tphcm","type:1-tret-1-lau","/tin-tuc/xay-1-tret-1-lau-tron-goi-tphcm","write-handcraft","Loại nhà 1 trệt 1 lầu — 1 URL, KW phụ: giá rẻ"
"báo giá xây 1 trệt 1 lầu trọn gói tphcm","type:1-tret-1-lau","/tin-tuc/xay-1-tret-1-lau-tron-goi-tphcm","write-handcraft","Loại nhà 1 trệt 1 lầu — 1 URL, KW phụ: báo giá"
"chi phí xây 1 trệt 1 lầu tphcm","type:1-tret-1-lau","/tin-tuc/xay-1-tret-1-lau-tron-goi-tphcm","write-handcraft","Loại nhà 1 trệt 1 lầu — 1 URL, KW phụ: chi phí"
"đơn giá xây 1 trệt 1 lầu tphcm","type:1-tret-1-lau","/tin-tuc/xay-1-tret-1-lau-tron-goi-tphcm","write-handcraft","Loại nhà 1 trệt 1 lầu — 1 URL, KW phụ: đơn giá"
"nhà thầu xây 1 trệt 1 lầu tphcm","type:1-tret-1-lau","/tin-tuc/xay-1-tret-1-lau-tron-goi-tphcm","write-handcraft","Loại nhà 1 trệt 1 lầu — 1 URL, KW phụ: nhà thầu"
"công ty xây 1 trệt 1 lầu tphcm","type:1-tret-1-lau","/tin-tuc/xay-1-tret-1-lau-tron-goi-tphcm","write-handcraft","Loại nhà 1 trệt 1 lầu — 1 URL, KW phụ: công ty"
"thi công 1 trệt 1 lầu trọn gói tphcm","type:1-tret-1-lau","/tin-tuc/xay-1-tret-1-lau-tron-goi-tphcm","write-handcraft","Loại nhà 1 trệt 1 lầu — 1 URL, KW phụ: trọn gói"
"xây 1 trệt 2 lầu trọn gói tphcm","type:1-tret-2-lau","/tin-tuc/xay-1-tret-2-lau-tron-goi-tphcm","write-handcraft","Loại nhà 1 trệt 2 lầu — 1 URL, KW phụ: trọn gói"
"xây 1 trệt 2 lầu trọn gói giá rẻ tphcm","type:1-tret-2-lau","/tin-tuc/xay-1-tret-2-lau-tron-goi-tphcm","write-handcraft","Loại nhà 1 trệt 2 lầu — 1 URL, KW phụ: giá rẻ"
"báo giá xây 1 trệt 2 lầu trọn gói tphcm","type:1-tret-2-lau","/tin-tuc/xay-1-tret-2-lau-tron-goi-tphcm","write-handcraft","Loại nhà 1 trệt 2 lầu — 1 URL, KW phụ: báo giá"
"chi phí xây 1 trệt 2 lầu tphcm","type:1-tret-2-lau","/tin-tuc/xay-1-tret-2-lau-tron-goi-tphcm","write-handcraft","Loại nhà 1 trệt 2 lầu — 1 URL, KW phụ: chi phí"
"đơn giá xây 1 trệt 2 lầu tphcm","type:1-tret-2-lau","/tin-tuc/xay-1-tret-2-lau-tron-goi-tphcm","write-handcraft","Loại nhà 1 trệt 2 lầu — 1 URL, KW phụ: đơn giá"
"nhà thầu xây 1 trệt 2 lầu tphcm","type:1-tret-2-lau","/tin-tuc/xay-1-tret-2-lau-tron-goi-tphcm","write-handcraft","Loại nhà 1 trệt 2 lầu — 1 URL, KW phụ: nhà thầu"
"công ty xây 1 trệt 2 lầu tphcm","type:1-tret-2-lau","/tin-tuc/xay-1-tret-2-lau-tron-goi-tphcm","write-handcraft","Loại nhà 1 trệt 2 lầu — 1 URL, KW phụ: công ty"
"thi công 1 trệt 2 lầu trọn gói tphcm","type:1-tret-2-lau","/tin-tuc/xay-1-tret-2-lau-tron-goi-tphcm","write-handcraft","Loại nhà 1 trệt 2 lầu — 1 URL, KW phụ: trọn gói"
"xây 1 trệt 3 lầu trọn gói tphcm","type:1-tret-3-lau","/tin-tuc/xay-1-tret-3-lau-tron-goi-tphcm","write-handcraft","Loại nhà 1 trệt 3 lầu — 1 URL, KW phụ: trọn gói"
"xây 1 trệt 3 lầu trọn gói giá rẻ tphcm","type:1-tret-3-lau","/tin-tuc/xay-1-tret-3-lau-tron-goi-tphcm","write-handcraft","Loại nhà 1 trệt 3 lầu — 1 URL, KW phụ: giá rẻ"
"báo giá xây 1 trệt 3 lầu trọn gói tphcm","type:1-tret-3-lau","/tin-tuc/xay-1-tret-3-lau-tron-goi-tphcm","write-handcraft","Loại nhà 1 trệt 3 lầu — 1 URL, KW phụ: báo giá"
"chi phí xây 1 trệt 3 lầu tphcm","type:1-tret-3-lau","/tin-tuc/xay-1-tret-3-lau-tron-goi-tphcm","write-handcraft","Loại nhà 1 trệt 3 lầu — 1 URL, KW phụ: chi phí"
"đơn giá xây 1 trệt 3 lầu tphcm","type:1-tret-3-lau","/tin-tuc/xay-1-tret-3-lau-tron-goi-tphcm","write-handcraft","Loại nhà 1 trệt 3 lầu — 1 URL, KW phụ: đơn giá"
"nhà thầu xây 1 trệt 3 lầu tphcm","type:1-tret-3-lau","/tin-tuc/xay-1-tret-3-lau-tron-goi-tphcm","write-handcraft","Loại nhà 1 trệt 3 lầu — 1 URL, KW phụ: nhà thầu"
"công ty xây 1 trệt 3 lầu tphcm","type:1-tret-3-lau","/tin-tuc/xay-1-tret-3-lau-tron-goi-tphcm","write-handcraft","Loại nhà 1 trệt 3 lầu — 1 URL, KW phụ: công ty"
"thi công 1 trệt 3 lầu trọn gói tphcm","type:1-tret-3-lau","/tin-tuc/xay-1-tret-3-lau-tron-goi-tphcm","write-handcraft","Loại nhà 1 trệt 3 lầu — 1 URL, KW phụ: trọn gói"
"xây nhà trong hẻm trọn gói giá rẻ tphcm","type:trong-hem","/tin-tuc/xay-nha-trong-hem-tphcm","exists-fold","Loại nhà nhà trong hẻm — 1 URL, KW phụ: giá rẻ"
"báo giá xây nhà trong hẻm trọn gói tphcm","type:trong-hem","/tin-tuc/xay-nha-trong-hem-tphcm","exists-fold","Loại nhà nhà trong hẻm — 1 URL, KW phụ: báo giá"
"chi phí xây nhà trong hẻm tphcm","type:trong-hem","/tin-tuc/xay-nha-trong-hem-tphcm","exists-fold","Loại nhà nhà trong hẻm — 1 URL, KW phụ: chi phí"
"đơn giá xây nhà trong hẻm tphcm","type:trong-hem","/tin-tuc/xay-nha-trong-hem-tphcm","exists-fold","Loại nhà nhà trong hẻm — 1 URL, KW phụ: đơn giá"
"nhà thầu xây nhà trong hẻm tphcm","type:trong-hem","/tin-tuc/xay-nha-trong-hem-tphcm","exists-fold","Loại nhà nhà trong hẻm — 1 URL, KW phụ: nhà thầu"
"công ty xây nhà trong hẻm tphcm","type:trong-hem","/tin-tuc/xay-nha-trong-hem-tphcm","exists-fold","Loại nhà nhà trong hẻm — 1 URL, KW phụ: công ty"
"thi công nhà trong hẻm trọn gói tphcm","type:trong-hem","/tin-tuc/xay-nha-trong-hem-tphcm","exists-fold","Loại nhà nhà trong hẻm — 1 URL, KW phụ: trọn gói"
"xây nhà phố hiện đại trọn gói tphcm","type:nha-pho-hien-dai","/tin-tuc/xay-nha-pho-hien-dai-tron-goi-tphcm","write-handcraft","Loại nhà nhà phố hiện đại — 1 URL, KW phụ: trọn gói"
"xây nhà phố hiện đại trọn gói giá rẻ tphcm","type:nha-pho-hien-dai","/tin-tuc/xay-nha-pho-hien-dai-tron-goi-tphcm","write-handcraft","Loại nhà nhà phố hiện đại — 1 URL, KW phụ: giá rẻ"
"báo giá xây nhà phố hiện đại trọn gói tphcm","type:nha-pho-hien-dai","/tin-tuc/xay-nha-pho-hien-dai-tron-goi-tphcm","write-handcraft","Loại nhà nhà phố hiện đại — 1 URL, KW phụ: báo giá"
"chi phí xây nhà phố hiện đại tphcm","type:nha-pho-hien-dai","/tin-tuc/xay-nha-pho-hien-dai-tron-goi-tphcm","write-handcraft","Loại nhà nhà phố hiện đại — 1 URL, KW phụ: chi phí"
"đơn giá xây nhà phố hiện đại tphcm","type:nha-pho-hien-dai","/tin-tuc/xay-nha-pho-hien-dai-tron-goi-tphcm","write-handcraft","Loại nhà nhà phố hiện đại — 1 URL, KW phụ: đơn giá"
"nhà thầu xây nhà phố hiện đại tphcm","type:nha-pho-hien-dai","/tin-tuc/xay-nha-pho-hien-dai-tron-goi-tphcm","write-handcraft","Loại nhà nhà phố hiện đại — 1 URL, KW phụ: nhà thầu"
"công ty xây nhà phố hiện đại tphcm","type:nha-pho-hien-dai","/tin-tuc/xay-nha-pho-hien-dai-tron-goi-tphcm","write-handcraft","Loại nhà nhà phố hiện đại — 1 URL, KW phụ: công ty"
"thi công nhà phố hiện đại trọn gói tphcm","type:nha-pho-hien-dai","/tin-tuc/xay-nha-pho-hien-dai-tron-goi-tphcm","write-handcraft","Loại nhà nhà phố hiện đại — 1 URL, KW phụ: trọn gói"
"xây nhà mái thái trọn gói tphcm","type:mai-thai","/tin-tuc/xay-mai-thai-tron-goi-tphcm","write-handcraft","Loại nhà nhà mái thái — 1 URL, KW phụ: trọn gói"
"xây nhà mái thái trọn gói giá rẻ tphcm","type:mai-thai","/tin-tuc/xay-mai-thai-tron-goi-tphcm","write-handcraft","Loại nhà nhà mái thái — 1 URL, KW phụ: giá rẻ"
"báo giá xây nhà mái thái trọn gói tphcm","type:mai-thai","/tin-tuc/xay-mai-thai-tron-goi-tphcm","write-handcraft","Loại nhà nhà mái thái — 1 URL, KW phụ: báo giá"
"chi phí xây nhà mái thái tphcm","type:mai-thai","/tin-tuc/xay-mai-thai-tron-goi-tphcm","write-handcraft","Loại nhà nhà mái thái — 1 URL, KW phụ: chi phí"
"đơn giá xây nhà mái thái tphcm","type:mai-thai","/tin-tuc/xay-mai-thai-tron-goi-tphcm","write-handcraft","Loại nhà nhà mái thái — 1 URL, KW phụ: đơn giá"
"nhà thầu xây nhà mái thái tphcm","type:mai-thai","/tin-tuc/xay-mai-thai-tron-goi-tphcm","write-handcraft","Loại nhà nhà mái thái — 1 URL, KW phụ: nhà thầu"
"công ty xây nhà mái thái tphcm","type:mai-thai","/tin-tuc/xay-mai-thai-tron-goi-tphcm","write-handcraft","Loại nhà nhà mái thái — 1 URL, KW phụ: công ty"
"thi công nhà mái thái trọn gói tphcm","type:mai-thai","/tin-tuc/xay-mai-thai-tron-goi-tphcm","write-handcraft","Loại nhà nhà mái thái — 1 URL, KW phụ: trọn gói"
"xây nhà mái nhật trọn gói tphcm","type:mai-nhat","/tin-tuc/xay-mai-nhat-tron-goi-tphcm","write-handcraft","Loại nhà nhà mái nhật — 1 URL, KW phụ: trọn gói"
"xây nhà mái nhật trọn gói giá rẻ tphcm","type:mai-nhat","/tin-tuc/xay-mai-nhat-tron-goi-tphcm","write-handcraft","Loại nhà nhà mái nhật — 1 URL, KW phụ: giá rẻ"
"báo giá xây nhà mái nhật trọn gói tphcm","type:mai-nhat","/tin-tuc/xay-mai-nhat-tron-goi-tphcm","write-handcraft","Loại nhà nhà mái nhật — 1 URL, KW phụ: báo giá"
"chi phí xây nhà mái nhật tphcm","type:mai-nhat","/tin-tuc/xay-mai-nhat-tron-goi-tphcm","write-handcraft","Loại nhà nhà mái nhật — 1 URL, KW phụ: chi phí"
"đơn giá xây nhà mái nhật tphcm","type:mai-nhat","/tin-tuc/xay-mai-nhat-tron-goi-tphcm","write-handcraft","Loại nhà nhà mái nhật — 1 URL, KW phụ: đơn giá"
"nhà thầu xây nhà mái nhật tphcm","type:mai-nhat","/tin-tuc/xay-mai-nhat-tron-goi-tphcm","write-handcraft","Loại nhà nhà mái nhật — 1 URL, KW phụ: nhà thầu"
"công ty xây nhà mái nhật tphcm","type:mai-nhat","/tin-tuc/xay-mai-nhat-tron-goi-tphcm","write-handcraft","Loại nhà nhà mái nhật — 1 URL, KW phụ: công ty"
"thi công nhà mái nhật trọn gói tphcm","type:mai-nhat","/tin-tuc/xay-mai-nhat-tron-goi-tphcm","write-handcraft","Loại nhà nhà mái nhật — 1 URL, KW phụ: trọn gói"
"xây nhà phố 4x16 trọn gói tphcm","type:nha-pho-4x16","/tin-tuc/xay-nha-pho-4x16-tron-goi-tphcm","write-handcraft","Loại nhà nhà phố 4x16 — 1 URL, KW phụ: trọn gói"
"xây nhà phố 4x16 trọn gói giá rẻ tphcm","type:nha-pho-4x16","/tin-tuc/xay-nha-pho-4x16-tron-goi-tphcm","write-handcraft","Loại nhà nhà phố 4x16 — 1 URL, KW phụ: giá rẻ"
"báo giá xây nhà phố 4x16 trọn gói tphcm","type:nha-pho-4x16","/tin-tuc/xay-nha-pho-4x16-tron-goi-tphcm","write-handcraft","Loại nhà nhà phố 4x16 — 1 URL, KW phụ: báo giá"
"chi phí xây nhà phố 4x16 tphcm","type:nha-pho-4x16","/tin-tuc/xay-nha-pho-4x16-tron-goi-tphcm","write-handcraft","Loại nhà nhà phố 4x16 — 1 URL, KW phụ: chi phí"
"đơn giá xây nhà phố 4x16 tphcm","type:nha-pho-4x16","/tin-tuc/xay-nha-pho-4x16-tron-goi-tphcm","write-handcraft","Loại nhà nhà phố 4x16 — 1 URL, KW phụ: đơn giá"
"nhà thầu xây nhà phố 4x16 tphcm","type:nha-pho-4x16","/tin-tuc/xay-nha-pho-4x16-tron-goi-tphcm","write-handcraft","Loại nhà nhà phố 4x16 — 1 URL, KW phụ: nhà thầu"
